company,score,signals,events_count,reason,latest_title,latest_url,status
target=,75,"expansion, franchise, marketing_hire",10,"Обнаружено событий: 10; сигналы: expansion, franchise, marketing_hire.",Новая франшиза по God of War с Фэй обрастает слухами - Igromania.ru,https://news.google.com/rss/articles/CBMizAFBVV95cUxOejE0Tkc1Y1IyMVJtb0Jpbnk3WFc2MXZMZUk1MFFVVURQMG56U2d0elNhOTJJbWwwbF9LZzVvV0M0ZjJsLU80WXFGODRwT2phSDFYbVEwak9INjZYQTVUTXhlSUt2TWJXT0VWSEM0QXpzVUZKSV8zSWJwNWxhRG9LX0pKaTM4WEYxSFBzSVNZdEVCRFYxUXJ4UUlsM09yenM5OTVjNWZGbTlHbl9jV1FfZklVNnZIUVFyMF9rNGtEaVdnZDF3VWppa2Z6eHo?oc=5,new
Street Beat,45,expansion,3,Обнаружено событий: 3; сигналы: expansion.,Street Beat расширяет сеть с детской секцией - profashion.ru,https://news.google.com/rss/articles/CBMif0FVX3lxTFBTblBtaUljTmpxeWFFRUZWQ0xRWlhaRUZkWkt0ZVRVS0FOMzl6emo1Wkk2VkNTZHA0TVNodlJCeUx5MVExOEpyd1BGQjFtVDZTOS1xUVFTRlJpVzA1V2hMQ0J4Y0JEMklTckJNR0JqeC1QbFU1S19zT3JmbVdHc2c?oc=5,new
Новый маршрут в Шанхай,30,marketing_hire,1,Обнаружено событий: 1; сигналы: marketing_hire.,Новый маршрут в Шанхай расширяет сеть Air Astana - DKNews.kz,https://news.google.com/rss/articles/CBMimAFBVV95cUxPTURWdWUtTWtkb0kwbE1Fc2VsalRjczhXNENOSk9MTnhReHlkUHVpREJySkw1cmRsYy1oTkZvZGI5TTJOeGlidlI1andUNkk5eW5KN19MLWtTcHhaVEVETzhMT1RNcDhiV2E3ZmRUeVhydnBYNjNpUVpUMlZtOWw3anYtLVdWcmo0S2tPR2kwNEJKVDRidnhMcw?oc=5,new
Карты жителя,25,expansion,1,Обнаружено событий: 1; сигналы: expansion.,ПСБ в Ярославской области расширяет сеть партнеров «Карты жителя» - Углич-Онлайн,https://news.google.com/rss/articles/CBMi2wFBVV95cUxPaGoxUG50NEVXeHlXVU16ellpSGp1bi1LMmFEYldRQlZhb2JNeUNNNFcxazdvV09zdmlON3J6WlBjMEtMYmJZWThkaTkzaHB4UDBZdTJjai1mcERCQzMwSldWT2ZyVWRPeE0tbkFGQWFUR2FJLXlHTncwbU9PQVV4YU52TnN6NmhVNU8yRllYQmZNYnlPY2RIQUZiUFlOdHg3YTZjSzRnMFBhLTNoS040WXRTQUw4ZjFBMlFCTXZuTUxlMG4ydXJvVEZSZjkzRENHeU10MGxtX2xGemM?oc=5,new
Франция,25,expansion,1,Обнаружено событий: 1; сигналы: expansion.,Франция расширяет сеть морских заповедников в рамках программы ООН по защите Мирового океана - RFI,https://news.google.com/rss/articles/CBMijwZBVV95cUxNLXVNdWVoazNTbWJMRlpwZW05NlRSM0ZYaEk4QkVmanNIWFA2QlozQWtpbWdRNlpTTkRadE1DaTRBT3lfTkVUbkYwcVUwSTIxcXBIQm0xb2dWMDhPRVc5UlZtXy1kaUlOazRUNFVXTEtPR3BzVUplQjJ1MTQ2Nnl1bEk2d21BYmVZU2J6ZnYzaDBJT2sxQkE0TWxEam83eUdHNFJMWnVnT2FTTzBRd1BqUW9pZ09BUlZRdlJJVFBVQThRQjZWN25aZTZBbmxRMGQtUkJ0RHV1bUs5bmxKdDJzeUVLTEJMZHJucnlhRW53S2s4N09HWTFLSzU1WVhUSHRIZC1heU1WNDlXOXJwWDFpV09nRDlCYmRiaW41aTJ3MG45MldZQ0RXaDlSRDVWY0g5Z2F5SFZjNVBDVEI4bllaa1pyUlVYdVp6SkVkcF84bnU3UkVMQmoxVGhGT2RHTFBKWE5pOGtsOXVfUU5XR0ozRzNxMmJENGc4UmFVOTg4MmFsempPZEt2aFlQT09qQ0xJdUp4UHNtcUZYaE5hY3ZpUjgtUWtaMHNsTldMSzlZZDFlQUo3c2t5Ym5vS2pVUWFJWktHNGdJRWU0cEx5SUFXMEhieXRKdzdOdko1NDdBZHVwUnpKMm9LQjd5XzBrTGE0akdEX3VDVVprNEZzSTMtcU9DNlN5dE1WS0dyM3NxNmUxMTRMUjJrVDNpd0RMMHVXZnNONzVCV3ZUemY4Q1pwbkJUNk9nRk12NGxoellDMzBHUF8wRkhzSmZHNW1OdUtSbGRzbGxTTnZ6a21CdzJRVnlVMUtDemk0YnRsQjFuWmEyQnYyb0Z2YU01NUVDbTRhUjlqQ2pxbGpDZVFMSEdCZDkzblBjQmJqVjhVZ0tkR25VUkszbm1oLTg2S2x1WHhYWmg3WEgzN0d0WnFlTU4zSm1QX1ZVaXZlUjNlTVdPUTJfWlE1MzRWZkkySGgtcUU2U0hsN1VFTkNQSDVSZUVqNng3MGl4cHpEb3lTSkVHa1kwMy1wSS16YlBxeW00TUU?oc=5,new
WB Travel,25,expansion,1,Обнаружено событий: 1; сигналы: expansion.,WB Travel расширяет сеть отелей в Турции - hoteliernews.ru,https://news.google.com/rss/articles/CBMidkFVX3lxTE9Xa2VzS2NaVGFkOThoNGUzM2d2Q2pTeFRkbXRhWC16R1hIaWxvTHlKa0hNdENuNEg1aFhpVFA0eUkzQlhFNUdnS240T3JnOUdPMmVOSFFjei1iZFpkNEFPTVE5WHJNZ3hCSzBkRGlrYWhXMVc2WlE?oc=5,new
ЭКО Маркет,25,expansion,1,Обнаружено событий: 1; сигналы: expansion.,«ЭКО Маркет» расширяет сеть в Чернигове под руководством новой СЕО - All Retail,https://news.google.com/rss/articles/CBMiowFBVV95cUxOQ21ZRFlnUXlNb0ROVDdpd3hyS1JIVVpLczE1dkI1RldnX2pvNU9QOTJTZ3M3ZkV3VFFNMjJZZGdMUmZTTWRBYWtnOXVWME1ZQUFwUzdGb1c3QlhOVTNUQWxER2lVY3FxX2lmMWZTWGRzZ3lXYkpjbVhuY0IwSXlDLWFrNzZLU1ZPWWowSWRFOUd5M1BRbEgwbkdPTVNxVjlaR3pr0gGiAUFVX3lxTE5qamxLNFQxMnRLdkpVcjZGSmFkMVB6LW96dWlNTE05Tjk4TFpORWJsR2FDV3VjWTV1MkdhWjZYaW11ZnhwRjUwbE9ILW5JM2NJSWktZnBKMDFSLTRVbkJwc3FGYWVPYnJDRWJmOE5HVVd0NXdLU3lGT3NMaTVWMHE0WHBxYnluNE4tSkRYR05Xb2pYbFNzNHRjM2FhUVhFM01ZZw?oc=5,new
МегаФон Таджикистан,25,expansion,1,Обнаружено событий: 1; сигналы: expansion.,"Плюс 11: «МегаФон Таджикистан» расширяет сеть офисов обслуживания абонентов - АМИТ ""Ховар""",https://news.google.com/rss/articles/CBMirAFBVV95cUxPcnpBVHJEdnlJNzN1cFZSSHhBVXF2aUNEbGZRVFZvTHlZSkxOUHVSMmRZM1RobmJkbnc4THhLU0FwTW4tWkNfTmVCeE9Vbk9WZjRhekwzY0J0X3JKek95Z3F1aEJVR21jbW1Ld1lhVjJWOHRZTlhoSFdXZFlzaUs4YzBERjdzblIwMHV1alFSRS1QbVlXNkZrQWMwN2FvUWlfVVVuTDRXV3Nha0FP?oc=5,new
Александр Ванюшкин: ВТБ,25,expansion,1,Обнаружено событий: 1; сигналы: expansion.,Александр Ванюшкин: ВТБ расширяет сеть и делает акцент на персональный подход - DK.RU,https://news.google.com/rss/articles/CBMiUkFVX3lxTE1QWjZDcjFWNTZmZXBraEJhRGVzdE0zUHUtY1NlZHFjMEFZZjZpYVRPV1RwZmgwQko1ekg1eXFmQjlwbXRJU0lPT0RxeGtmY0ZKdFHSAVdBVV95cUxOdU40QngzTEMyNHVqUl9zV3YwVWwwRHJNV1c1aEZFNDRVVHh2bThwa2ZqOTljZnAybDg4a3lWX0g1OGFoN3dZU2tEbmRINW9ra0ZpX1dRTGM?oc=5,new
ВТБ,25,expansion,1,Обнаружено событий: 1; сигналы: expansion.,ВТБ расширяет сеть отделений в Ленинградской области - spbdnevnik.ru,https://news.google.com/rss/articles/CBMilgFBVV95cUxNZ2k2d3hOblo3TlBTTUIxbkkwQ1BrM2VHV3BMWjZhLWxfcEI5ajNzeklBZ0Etb2lwZjRucDhzSVgxQVotbGFTM2VtbU5rNm5na21YV0F1aF9ESGY4NjUxbzUxMzJkNERKR3RYeG51QVg3YmdXMzBhUVlnSDd4aGJqaEJuenFJVi1CNFRjeGxPY2VMZ2t4WGc?oc=5,new
Росатом,25,expansion,1,Обнаружено событий: 1; сигналы: expansion.,«Росатом» расширяет сеть обучающих мероприятий для травматологов-ортопедов - Атомная энергия 2.0,https://news.google.com/rss/articles/CBMiYEFVX3lxTFBkTjEzVXdpSmxWWVpIc0ZBTzhXQXdrX1FOX2xKeDNoNTM2WWt1LU5YZk0ydjFMQUoyYmF2aVEtdXk1MnB1NEpMNlRZLW9rQUY1M2xtcUxlQnlEU2JMdFNGbg?oc=5,new
Самый SOK: миллиардер Игорь Рыбаков,25,expansion,1,Обнаружено событий: 1; сигналы: expansion.,Самый SOK: миллиардер Игорь Рыбаков расширяет сеть коворкингов - Forbes.ru,https://news.google.com/rss/articles/CBMipAFBVV95cUxOWFhncUdJRkpLNnlmTVNGZTVTaVU0ZksyTEgtaUVPVkpXZUxrWElac3JnM0xoMVpyQWFZS0ZnaWhHTURhd1h3RXFTT1F0ak5lbzJOWE1Kc1hDaXY4MUgxc1dGNm9wREVWNDBvU1BRbllFZVNRLUYzM1RxZnRrSzdkZUI3TDBkTF8xalZfdDFIUWdFaks5U1ZVcnUtZ0FxaFN1WEEtMw?oc=5,new
AT&T,25,expansion,1,Обнаружено событий: 1; сигналы: expansion.,AT&T расширяет сеть за счет активов Lumen – Публикации - Finversia,https://news.google.com/rss/articles/CBMikAFBVV95cUxPZjVFd1UtZkNPc1FyM2VZcU12ZW93YXBGMzdSV3V3c2JBb0hQWlFtWnBvUG5jaGdTM3A4ZG9qXzBPalB4dDBpMEV5aE0yZUJSNml1SnBpbnZlN2Z4bmExeWNEUm9yMXRhMlVPNmpZbmgzUjU0RFVuUGdBOFNDRm43d3ozb1RLX3diTlRtXzRHb0c?oc=5,new
Экология,25,expansion,1,Обнаружено событий: 1; сигналы: expansion.,"Яндекс Электро расширяет сеть зарядных станций для электромобилей - НИА ""Экология""",https://news.google.com/rss/articles/CBMiSkFVX3lxTE4tbXlYZEswSUdGdndNdFRPdkRDbUZmUVNQbWsyWk9PMXFxRWNxUTRiTUZlbEw3a1pPUW5CZENnWDl5eFR5OWw4QXZn?oc=5,new
s.Oliver Shoes,25,expansion,1,Обнаружено событий: 1; сигналы: expansion.,s.Oliver Shoes расширяет сеть магазинов в России - profashion.ru,https://news.google.com/rss/articles/CBMikgFBVV95cUxPdDVvYTZfenFBS0EtR1NEY1I1VERIdy1YbjFSVWVzYTdoNnV3dFdwOXFXanctbGMyQklxSTRtcm41TWwwSkdmVTFtb29vRzloVzg4dk9UY0RDckxVLUxvekUzT1g4blc4czZzblExUi1ERndQWWhGbUl5a2JPSzZ5T1g0OGlDVGhfOTNhQVA1RzBiZw?oc=5,new
Актив Банк,25,expansion,1,Обнаружено событий: 1; сигналы: expansion.,Актив Банк расширяет сеть своих операционных подразделений - Азия-Плюс,https://news.google.com/rss/articles/CBMimgFBVV95cUxQSEJYSVl2YlhzaFNHdS1RdGlSRm1WaXpHa2JwWWo1b2NLS1k1bFB5NGdIQVhva0xyc0tod0V6NUUwcUlvR3A0azNVanFfN0hyWERhMVh3UWVFNFJxV3ZNNkZiWm9LM1pjN1ZuaTBrRE9Id1hWdGV2MHAtX182b0lLNWw3VGJsd19ad29WY21GWjAzYU5UeEZ4ajZ3?oc=5,new
АгромашХолдингKZ,25,expansion,1,Обнаружено событий: 1; сигналы: expansion.,"""АгромашХолдингKZ"" расширяет сеть сервисных центров по обслуживанию с/х техники - Inbusiness.kz",https://news.google.com/rss/articles/CBMisAFBVV95cUxPYV9XVVlWU1ZrVmxkR2Jwd0ZidjBIUU1pX1Z0Vk5ONE41QkwwQTZxR2lrZHlRUUlQdktQU0tNUXFsN0EzSzdYZ2ZBTUxkTHFuYzBpdlN5WGdiUzRrOHViYmg4Z3Q5SUVqSWRfRUhzSHI3Y2M3cV94ckVHZzA0RVRxWW91QWt5WXV5QzI0bldxR01NS0c3R2VoOHpwOFNGWWJMOEdnamNDTzZIbl9scTJ1Ug?oc=5,new
Газпромбанк,25,expansion,1,Обнаружено событий: 1; сигналы: expansion.,Газпромбанк расширяет сеть офисов в Московской области - ОИНФО,https://news.google.com/rss/articles/CBMiRkFVX3lxTE9oeHFsRzNLeFYweUNqbF9zTGhEaUZyYklJcDNIeUZRUjJLaUZuc1FzWTVIb3VjeV83OUtUTFRhX2VkbTJVUHc?oc=5,new
SPRING PR,25,expansion,1,Обнаружено событий: 1; сигналы: expansion.,SPRING PR расширяет сеть международного сотрудничества - Banks.am,https://news.google.com/rss/articles/CBMiUEFVX3lxTFA0SDIxb01paGY4b283Z1RWT0hZZF9QOU5ORlJlRG1XcGpINFd6aUtBQmJ2c3N4YXU3dGlWZENMS0o1X2JYVnhkV0FHUllZeVlt?oc=5,new
Инвитро,25,expansion,1,Обнаружено событий: 1; сигналы: expansion.,Инвитро расширяет сеть: открылся 1700 медицинский офис компании - UlanMedia,https://news.google.com/rss/articles/CBMiT0FVX3lxTE1oZEtTT1hrOGNaRUJ6UFJIWXBYQnpKZnZmMWR2SGtLb1VFVFdRcXZvNDlmcVZRSUd2MkxnM2JEZHltdkFNME00bWhZQTNMU2_SAU9BVV95cUxNaGRLU09YazhjWkVCelBSSFlwWEJ6SmZ2ZjFkdkhrS29VRVRXUXF2bzQ5ZnFWUUlHdjJMZzNiRGR5bXZBTTBNNG1oWUEzTFNv?oc=5,new
Миллионер из списка Forbes,25,expansion,1,Обнаружено событий: 1; сигналы: expansion.,Миллионер из списка Forbes расширяет сеть медицинских клиник в Казахстане - Forbes.kz,https://news.google.com/rss/articles/CBMirgFBVV95cUxNMEtVNEhsNkdFQ1pvaWpqWHVsenl4OTNGQTdmUUNBV3JKTk9yM2FoVGtmQ21veWZqcWd3Rnp6aDZhQUpaWE51Sk9MMTBYWndjcmlyQzAtQkRKczQyNDZJeGxzZGEzLUVZempLazZ1N25PZ29mS2Q1QUZWOU9tQTlyTkNId2piOWp5bUZoaHJRcTQwR2tWdk5rQ0JpOWJYU0hmMzh4S05TRGdaZW8yWnc?oc=5,new
Nar,25,expansion,1,Обнаружено событий: 1; сигналы: expansion.,Nar расширяет сеть LTE - Azərtac,https://news.google.com/rss/articles/CBMiakFVX3lxTE1SUGgxa3g4Nkx1amxLTUdqVHVQTnFnN0IzQk5lZFlqSWo3b0ZqcHRuRnhyMkVsdDR1bnlZX2JDUFltOHhxdEVFRzQwMXBTbjFsWXQybFRvZ1BrbHhPNjVTQ3p6aE5LdTlfTnc?oc=5,new
Казахстан,25,expansion,1,Обнаружено событий: 1; сигналы: expansion.,Казахстан расширяет сеть заводов по энергетической утилизации отходов - Телеканал Jibek Joly,https://news.google.com/rss/articles/CBMinAFBVV95cUxPRXdac0NmdFgzOHJnTllNNU5ZY19zYU4xYllIbXg4QmkzbkM2UjFvZ216TGZudGg4T2lIUU11ZExNSmNOMDR4VUVtVzdfeVh5QmxQQ0FyanRka1gzMEdYb0JaVkQwWFhGWXZHa1dGSjlYUlFBWDBUYmJOQmJUbV85MVd4VGNoTXBHeUstNzVHNFVsUFh1QUtwcHE3enE?oc=5,new
Turkish Airlines,25,expansion,1,Обнаружено событий: 1; сигналы: expansion.,Turkish Airlines расширяет сеть маршрутов из Стамбула - Turkmenportal.com,https://news.google.com/rss/articles/CBMinAFBVV95cUxORGFQaWN0QjE3TVhPSy1TekVFTEhUazBrbm9xcVpuOVcxbjAwMi1WTmpqNkl2clB6RTllaDhJckl3Z2g1a21sUUItOWY1cWNfVW4tMHpLUXlydE9GTXBOSzNUdzRfTmQwRUE0YjVwNGdtYUNTamVkQlc4ekRwR19nWTdjN08yYlg3cjlQU2dqdUhlaTJxWlpoV0lkM3Q?oc=5,new
Uzum Bank,25,expansion,1,Обнаружено событий: 1; сигналы: expansion.,Uzum Bank расширяет сеть банкоматов по всей стране - Kursiv Media Узбекистан,https://news.google.com/rss/articles/CBMikAFBVV95cUxPWWItQklEOGQxeWR4eHhHLUFWMkFUVmdjQ2p5TXBoQVAyOWRUMko0Q3VMVnI3ODFSamt2MTBIYlY0a2xMV1JGNWd4cm9Dazc1YzgweUg5dmdIZk9kOVZNTW80SVJ6WnBIblpmWFFVU1hqY1NTTHpPTXJoNkFfOEEwVDBfdTlwa2NUbnFPR0I1NjTSAZYBQVVfeXFMT0VWSW5mQ25QOHFwTHFuNThONGRyNFhaeno2d1pfZTF1QTlzSTlPbk5nZ2tNUERwbkhOM1gtVVdyLV9jaVVhTXhNZUNZOF9ES01xdUJVWFNHUmpKalM2NTN0UXoyUWRQNmxLTndVWktMdEJpNzBfNXA0UHhZTmhYZVlwcjJhN0xGLUtQSzA1RHUxLWZHdkZB?oc=5,new
Mycar.kz,25,expansion,1,Обнаружено событий: 1; сигналы: expansion.,Mycar.kz расширяет сеть франшиз в южном регионе Казахстана: 10 августа 2023 09:02 - TengriNews,https://news.google.com/rss/articles/CBMiqgFBVV95cUxPM05aQWROcG1tY3RXUHp1MVB4SnMxZWxUeS1mRTFmVk4tZTA0NUw5QnlTdDNXYmdjeV9WRkxDZmVLN2RrR3R0NDJjbk1weHJvSm1SWnJSTDZ4NWhHZHBmdDlsT0tNcUwwTzdoV1QwNV9zRUJOMmtLLTcyT3JKNEVrRmFOQ2JMb3k3d2F5aUxHMlJyU3VBZE5OUXRZWG44azZaSVkwMDlZUjJrQQ?oc=5,new
Home Credit Bank,25,expansion,1,Обнаружено событий: 1; сигналы: expansion.,Home Credit Bank расширяет сеть отделений в Алматы - lsm.kz,https://news.google.com/rss/articles/CBMidEFVX3lxTE1tUk9hZXdIUW1WTndBRXN4cV9WNmpIQ3dnR09uenV3YjRrX01nNEFKNFl6aTRxR3BUVHY2RGVMRmRILWRqUnBuRDljaWo3ZTl6WFI4cFphVS1OanhFZnBxRE80ay1KQ3pmRElQVjQ1czJXQ0JS?oc=5,new
Bakai Bank,25,expansion,1,Обнаружено событий: 1; сигналы: expansion.,Bakai Bank расширяет сеть круглосуточных зон самообслуживания - 24.KG,https://news.google.com/rss/articles/CBMioAFBVV95cUxPU0hYQ2dlZy1TZU9BWDJfN3VhQWc2cHotalNPOEtZb3RMZFlpNGFpQVpiT1ZIZFFCaDBPYTZaOURQa2kydXdzNzFoQy1jcWp3Z3NBYThCOUY1QjVXQzZ5dng0OU43aXU4dEVjVHRLRGdZSGpqNDJ0Qzgzd1dVNGVrdFh6aEE0d2NOWENVazZZNTRkSzJlMVFMNlA1OEZSV2o50gGmAUFVX3lxTE5zTVNxd0RwSXBobTBGUXJyNDFuSU5WRy1famJGMGRmeWwzWE5keFFzdVVsYTFRQksxNFdPSHk1dUxYd2loOHBRalZXQ3VBaWstUzFTc0ZzS0t2X2FJTWRrbmJQa0otSk03TjVTc1p0ekluSzgxOTItU1ZVVURyT0phcWtRZGJNVE1FZTV2ZUZDel9tWHVMckNEZTlqRjhLeWVSWWdtS0E?oc=5,new
Мобильный оператор О!,25,expansion,1,Обнаружено событий: 1; сигналы: expansion.,Мобильный оператор О! расширяет сеть к новогодним праздникам - 24.KG,https://news.google.com/rss/articles/CBMilwFBVV95cUxPalF2OTZSWEtMcXppRHFQV2JJa2FmUzBWZUItR25LWWtEUWJPc0tFODlyZHVpTFBSczFPeDY5akxsc0ZFWlpVaFpTM3hhdUs5NHhWVEtOQlliMkV6RFRpUVFBZEcwSTNERnhnQnFrZVNjZlhGREpKVjZTS2lVV2RZNDQxQV9nSXp0QmVEN2F3dTFtWHpSOWo40gGcAUFVX3lxTE9PdGlfWDE3b05YaENtaFQ5eUp0OFEzN0xuMGFtMS1FdE5TUVE2UlB5V3FEYlNSbkhmVWt0eklSNi1wUFF4OWRpeTFOWm9LSDRhNTFJU0xNenJTVTVVNW1LN1JBYktqblV3LXJTRTRQQjV5OW8yQk8wWjREeHd0QzdKYXNGdFVwdDhyREJMZ0VQdGV4VXNya1ZZME1uSA?oc=5,new
Банк Эсхата,25,expansion,1,Обнаружено событий: 1; сигналы: expansion.,«Банк Эсхата» расширяет сеть своих банкоматов - Азия-Плюс,https://news.google.com/rss/articles/CBMihAFBVV95cUxNWmM5OW4xckxXUTRhX1M0emhJRlRDaVowYU5qSmhXY2pNUmJnU285eGhCZ3JGUGRPMUFta3Y1UldTa3JZX2lhQjR3bnp2dVpCekVrQ0Q0dkd4c0JlTjdJR19KemFBdG9WN2RsNHk4OEtqbzVSTmFMT29PNVJRYjJtVF8wWU4?oc=5,new
Fozzy Group,25,expansion,1,Обнаружено событий: 1; сигналы: expansion.,Fozzy Group расширяет сеть: где появятся новые магазины - PaySpace Magazine,https://news.google.com/rss/articles/CBMimgFBVV95cUxOSG01R01temJjQ1I5VTJQUVBUcmdJbWE5NXdZdTVOYm56MlJ4WkloRUp5bVlXM3RTZmotc2MyRHpncjhVb0VUMzJLY01WY2pxNFhycE9vUG5TRFVLOXJLbm9QSVFzOGdSTjFid0J6OVhFMnBYZVREZG54ZGpmTzBCbVg4T2ZuLVhYRzBRcktsbE96eHRNQk1jZ29n?oc=5,new
Казахстанская компания UvU.kz,25,funding,1,Обнаружено событий: 1; сигналы: funding.,Казахстанская компания UvU.kz привлекла инвестиции от крупного азербайджанского фонда - DigitalBusiness.kz,https://news.google.com/rss/articles/CBMixwFBVV95cUxONTVlMmxpcnhKZEc2aFc4VW1Wa2pnU2tEZ3pIcEUyTW5jb3JxVGVteHE5WGFJR0tnVDZJRjRLVjBIZDN1TlhYb3ZlQU93clliWTlJaVJEelpmanNTZHhjMXNiSGx3NUhkLXBWVlZsTUp4R1pMU1ZKX2ZjWThCUGZpWTA2Q1VwSm1EZUtaajc0dFUyc2wtbVhweDcweDlJVFVFWTNKTnkxclF2Ums1VTRjLVFLeHRfX0FHR09nZW9aeGd4aFdRT0ZJ0gHMAUFVX3lxTE1LRlNaNE9pMDVGdGQxWU5wNnFuMC1xWkxqTUROZW1waGZNSEhMTzZaaDhncVY3blgzWEZHMTVKbVJrYWlYOHh6dTJKeUZnMkpseXhPbk5SaFZRQm9rUXdSR01UZG9mbENIVUJsdER3X2xUbmQzRjJwQXRtaldxX0xWcG9MUlNGcFgtVWpOUll0WGRROG5xdzdybHU5MjRmSkVBN1lzLWdzX1NscXJseFJRM1owc2stVDk5QlFNd2FwQUZIb2poMEV1aTllTg?oc=5,new
Headway Inc,25,funding,1,Обнаружено событий: 1; сигналы: funding.,Headway Inc привлекла инвестиции на ИИ-трансформацию от Horizon Capital. Зачем? Интервью с основателем - Forbes.ua,https://news.google.com/rss/articles/CBMiwAJBVV95cUxPMDg0cDdKSXd5bi1QQjltNUtmYk9xdVZucE1rcW5YZ0NzWjVGX1Ywelp2T05SbC1mVmExbEtERXpyR21IN0tGVTdRQXFYR1g0eHRnM055WHpFNnBMTXc5SnI0blhzTE5qOHNZZGFGOWZqVVJDQ2ZBQThxREU5YmJuWUlsT29pcE5sYU1DNTQ1TW92SXVYZlE0M09CeldJNmp0Mk5kdWtxdlFtYURhS0lhdGFCQl9qZm1jTmUwTnYtSmh6Q1lPZkpQM2pYZ0h1NlNXRy1VWEVoVmlpclYtZWFraUVSM3BuWXNRTnduMEhJVkNkaFV6VVVCb3RjbDBJUFV1MUJ5Q0JzTF9BWTQwMTgzZmM1VEh3SjlpcklsU3VnVHdhNzRaUjB2aXRGRHZEWm9iNTB2dzNzSU5DVGJOMk5TOQ?oc=5,new
Стоматология в Комрате,25,funding,1,Обнаружено событий: 1; сигналы: funding.,Стоматология в Комрате получила грант ЕС на развитие - nokta.md,https://news.google.com/rss/articles/CBMifEFVX3lxTFBkbHh5b2diY3YxSkNkMkloaFBkZElrdHhwV0dYSnk4NklwSVQyOGtwaWFIVDExTEQxRmRScE4zZ21IQ0Y1SWdqdTBDZU9jaWkxNEhwQmNkQk5sc1ZxejdWb3dTZ1M0VjlHNkh3VFFZOHp4b2VhR2JYLThBSGY?oc=5,new
"Sky Hunter, создавшая приложение для наведения дронов",25,funding,1,Обнаружено событий: 1; сигналы: funding.,"Компания Sky Hunter, создавшая приложение для наведения дронов, привлекла инвестиции - LIGA.net",https://news.google.com/rss/articles/CBMixgFBVV95cUxNYnVIRVpHRXM4ZEpaYXFwN1d5MFhQMjI3MGFoWXNtU0NFMHk2Q2hDcGJKZHRERnEyUTRFQWJaMFlIa1ZkMHhOYmpGZzRGVzZqTm5vWmhhN2hCUW1rZ3J1VWJzRmZicjNLR0R3SENkYjVCOWVPbDlmUnJrcEdVV3MtVzNRdGNOeHhpRl9ZRXVqckJ3OGpCWmdWaFhrRlBsclRmTTNYZHhsWnE0YU9jWjl6V2JZTVhhY01WbGQ3Ym41SGFqVzUzVHc?oc=5,new
Точка А,25,funding,1,Обнаружено событий: 1; сигналы: funding.,Компания «Точка А» получила грант за разработку уникального диспергента для ликвидации морских разливов нефти - Медиапалуба,https://news.google.com/rss/articles/CBMiR0FVX3lxTE4yVVhwX2F4ekd2WVl6RDkzbHJmUXVlNGt2OU9IcTZWbEdFS3ZCcHY4ZFQ5RTJDd0JSVXlnMHNlMkszblAxU1dn?oc=5,new
Некс-Т,25,funding,1,Обнаружено событий: 1; сигналы: funding.,Компания «Некс-Т» привлекла инвестиции для производства LCD-матриц под брендом NexTouch - BFM.ru,https://news.google.com/rss/articles/CBMiXEFVX3lxTE9qREF6ZktRQ09UU3Y0cGQwZUNxTTB1VXhRQ2E5aUN1NFNxWW1MdFpibkZjU1I3OG5oUGswQTVqb2JySzVzd1NQUVZjUzlGS2xUN014TmdkeVhsblZW0gFKQVVfeXFMUFVsWkR6azU4eTNCeEVxXzBPYm5rd1lkd2dheF82QzN3ZlNIME5jeDI4UWFjSGpzTmREZy14dDhfdlFKRkhLQmNCaFE?oc=5,new
Татьяна Навка,25,funding,1,Обнаружено событий: 1; сигналы: funding.,"Татьяна Навка получила грант в размере свыше 25 млн рублей, а Плющенко и Авербуху в поддержке отказали - Аргументы Недели",https://news.google.com/rss/articles/CBMiVkFVX3lxTE1fLWVOWTFDdE90eVpOeDZTZWh4TkhCbmFwb2hxMEswMldhYnprQlAzZ0RLRHkwMWN3SldJeC1OWTVZWEVid3NVNkNHVEF0dUdsbmpEVTdB?oc=5,new
М.Видео,20,franchise,1,Обнаружено событий: 1; сигналы: franchise.,«М.Видео» запустила франшизу ПВЗ - Buybrand.ru,https://news.google.com/rss/articles/CBMiakFVX3lxTFBQY2xnZ0ZIMUpzZjYwQnoyZzBLYkxXeFExajFnc3NUSTF0Y05XeDByT1dHVDg4dE01YUNQVlZrX1lWZTVLYzNyRkxSaVhpeXJCNWxYUFBrSXk1aGhsdnNncl92aUN6VmUwblE?oc=5,new
Игровая индустрия нуждается в абсолютно новых франшизах,20,franchise,1,Обнаружено событий: 1; сигналы: franchise.,"Бен Старр: ""Игровая индустрия нуждается в абсолютно новых франшизах"" - goha.ru",https://news.google.com/rss/articles/CBMinwFBVV95cUxOYzdfWUwtSkRDOGhlY25DTlJZRHdRWm1pem9tZTZDVFNQcFctT0hMQ2VJRTJYaXk4ZnRVekwtREV2NmJEcG9pUFpoZFJKODRlT3NlVFNYZUV5cUt1dmQ5TlY3SWdqcTh0ZVJaZWJaMmota21hM0ZrZGNZamhBNmtIN05HdUFwM201UlpYbzZtZUNHbThiQTVZamp6NVNLY0U?oc=5,new
Евгенич,20,franchise,1,Обнаружено событий: 1; сигналы: franchise.,"Новая франшиза наливайки от Сергея Жукова, караоке-бар ""Евгенич"":"" - Drive2",https://news.google.com/rss/articles/CBMiVkFVX3lxTE9PdkhzSENNc05vbE1CaHZad1RNR2lTc2lncE9wa3E4N1p0dFN0NklNYllIMXlOYS01bUpSVWVxQjFKbnhNbHVNbFBpUEE0cDVLY1doM01n?oc=5,new
Федеральная сеть отелей Cosmos Group,20,franchise,1,Обнаружено событий: 1; сигналы: franchise.,Федеральная сеть отелей Cosmos Group запустила франшизу на Дальнем Востоке - Forbes.ru,https://news.google.com/rss/articles/CBMiswFBVV95cUxNNTVSVEZNQjNHVGxzTGhxbngxa2pXblFtbFN6X2VJOXdoQk1XcVBZYTFackM4VmlyMmltcVdCU0Q3MkM3SjlxNGNRVTR2VHowR3I1eTk5bkU3WnBQTm12emZnVlZSeGxOR05ZWkgtMnRzcDZBYV9rZE40LW00aHZtenlnVzRzbDFLOS13RHFFZUZndVhicmJqbVRobEkyR0tfUEFLc2JTanVnV3U1Q1BISGhZVQ?oc=5,new
Будь здоров,20,franchise,1,Обнаружено событий: 1; сигналы: franchise.,Сеть поликлиник «Будь здоров» запустила франшизу - Forbes.ru,https://news.google.com/rss/articles/CBMijAFBVV95cUxQb2VzTWk0ci1MNWh0aC1JdXU0Mm1Xczd4Zmg5blpyTlRSUUdoSTdJUjZOclNVdHFrelRDWm44MW00MzFFbWxDYVpSUksyUlpObXNhcHE5T0JGMklEUVBmQldTMTFrSzBSUlVFbzRIRmNQWGJvVXFJUGhNWjE4cDVQV2g3VFhGcDU1c01Xdg?oc=5,new
Обувная сеть Rendez-Vous,20,franchise,1,Обнаружено событий: 1; сигналы: franchise.,Обувная сеть Rendez-Vous запустила франшизу для расширения региональной экспансии - Forbes.ru,https://news.google.com/rss/articles/CBMivAFBVV95cUxQbmYyMHdfNGxLZ0JoLTBiNTRKZzNQZkh4QUpKNHItdklxWEc0RWRUSXFMWGJ4enZTeTBEWDlNbWsyeWUtVnJMNHpGU2UwTy1uUk9GVXhlQk5yT3Raa0tqVDdkbTZEQ2ZvR0pUbkx1czJTOVZfM3d6cnFRQldvV0w2ZTgwWVJXNHlaQ2J5VXBkSFBqR0pfS1AtNmJxNkhiMEgyNGFuRU15bm5OaV9JY3BHdy05RGpJSmRrZmxQLQ?oc=5,new
Это не новая франшиза,20,franchise,1,Обнаружено событий: 1; сигналы: franchise.,«Это не новая франшиза» — детали новой игры от автора перезапуска God of War - Мир фантастики и фэнтези,https://news.google.com/rss/articles/CBMioAFBVV95cUxOVUoyNndsU21UZERqXzAyMURJaUVtaHNPaFo3NkcxMWNuRUFFdjVoRjM0a29mWlY3R2RIS2hyb2VCT2NjOHRFOWtfb1Bzbzk3RzdDbkhGazZCNFRJTHl4VGlnWVNua0RZTFZQRGQ5OGpZYnZLVGEwSTg1bHFLSFctZnk4cU9rTDJOZVdIQU5sUGgxX2tOdWtMZkw4V2lfVzJH?oc=5,new
