Дата,Компания,Событие,Сигнал,Балл,Почему интересно,Источник,Ссылка,Статус
2026-05-30T07:59:34+00:00,target=,"Чистый убыток Почты России в первом квартале снизился в 2,7 раза - Marketpower.pro",revenue_decline,40,Найден сигнал «revenue_decline»: чистый убыток.,Google News — снижение выручки и убытки,https://news.google.com/rss/articles/CBMipgFBVV95cUxPZmhyQTExdUJvd2hLdnliZmlXbDc0MndkcmdpRlBWdmo3VTEzRXoyYlRsMXJlXzBnSlJSaDVpZjhFcDhqU2E3MlAyOWNjc0JLZlUyak9tYWpSMWJtc2tHX1Z2aXItOXZRQmpfbFJqREJPd0Jyb2dyM3licFdXOWF4dy1CV1pNZ00tM0xqZm9FdFV4M2ZXNmZRMm9KSVBING9kYWZTY0NB?oc=5,new
2026-05-30T07:00:00+00:00,target=,ТНС энерго зафиксировала чистый убыток в первом квартале 2026 года - Финансы Mail,revenue_decline,40,Найден сигнал «revenue_decline»: чистый убыток.,Google News — снижение выручки и убытки,https://news.google.com/rss/articles/CBMisAFBVV95cUxNeWJNRzNQSUhsLU43T0s2c0RiaEdzUlUwZjF4QXRMZVZQU2F3bmY2Qkw5ZnNydVdvVWFLUUlYTkp3dEVoTktCN250ZDFtdGplQkUxd0NEdHR1YXB6QklHOFhaMXUwZWtkRjZDUEltQVpfTWNTZVdjb1VpNmVsS2lWWjJQVEJUMl80em5SZkttNDJSRm91bGx2V1Q3R3VtM205bVZscUZCN3YxaUFuWG41bw?oc=5,new
2026-05-29T07:00:00+00:00,Почта России,«Почта России» втрое сократила чистый убыток в I квартале 2026 года - Ведомости,revenue_decline,40,Найден сигнал «revenue_decline»: чистый убыток.,Google News — снижение выручки и убытки,https://news.google.com/rss/articles/CBMikAFBVV95cUxNSndSY3Z1ZVgzVFItd3RjSlRDQUJLbkVQeXVudEVseDR6bjNrOGRIOHJUZmptZm9VZVB6cm84MTMwa0RieHJfQVFFcHQ1QWlqb1FrTUV4YmFZZlhidmdTX1dIRGVVaFppT0xZWUpzeC1nU1JoeTNWRV83THJlSTc0emZzSkxLRU4wS1BiTFhnZkM?oc=5,new
2026-05-25T07:00:00+00:00,Ведомости,«Ведомости»: Разработчик российского аналога Microsoft Office проведет массовое сокращение. Чистый убыток компании превысил 4 млрд рублей - theins.ru,revenue_decline,40,Найден сигнал «revenue_decline»: чистый убыток.,Google News — снижение выручки и убытки,https://news.google.com/rss/articles/CBMiQ0FVX3lxTE5saFNkZHJXZVBlOUlBLXNjYTFDTG00Y0V3VTdGbllrZDVLQlItWTItZkxMcWVJUzZHeGRxempQTmdYRmM?oc=5,new
2026-04-30T07:00:00+00:00,М.Видео,Чистый убыток «М.Видео» вырос в 3 раза до 63 миллиардов. Выручка упала на 28% - БИЗНЕС Online — Новости Казани,revenue_decline,40,Найден сигнал «revenue_decline»: чистый убыток.,Google News — снижение выручки и убытки,https://news.google.com/rss/articles/CBMiUkFVX3lxTE1VQUFnZmV6dTY2aVd5NkdfUldXYVN4Y2IxaVVMS3pkN3pfVXlVZUdTRGxQR3gybDQ5QTFXX2d2NTg0N095c3ZGUmQ3NnJIZG01LVE?oc=5,new
2026-04-18T07:00:00+00:00,Камаз,«Камаз» получил чистый убыток по МСФО впервые за шесть лет - Ведомости,revenue_decline,40,Найден сигнал «revenue_decline»: чистый убыток.,Google News — снижение выручки и убытки,https://news.google.com/rss/articles/CBMikAFBVV95cUxPckFkVHVYbjZaMTNfZW16bnlNWFFiV1NQVklsaWtBMVdBczNTcHJ2endLd2NfWF9zVHN3U3RLaUpNVUN5VTc4THFaX0UtM1NmSm1CZlZRYVZ2dmZ4NTNtOUl5bGZuZHI1S1VqR2UzRG9KZjliQWhhRTJxVHRTUW5zTE50T0V5SFFvT2xMdllnQjE?oc=5,new
2026-04-16T07:00:00+00:00,Сегежа Групп,"""Сегежа Групп"" сокращает долг на 54%, несмотря на снижение выручки | IF | 16.04.2026 - InvestFuture",revenue_decline,40,Найден сигнал «revenue_decline»: снижение выручки.,Google News — снижение выручки и убытки,https://news.google.com/rss/articles/CBMirwFBVV95cUxPQ2pDd3l3UDNGNWdVRy1hSnRUWnRXTnZGRnBTdGo4N1Q0UmVHUy1ZcDRnemJ2dFFnaTV6eUhPRGNzdTVUUHF4ckVKLWI4TTlEV2N0SWxkZFEtWE9nTVdFREFRSmUzbVdoYXRERWoyTG9aaFNNbFJTRnVhNkIxbXJBUGJTX0dTbVlrcEswendDQVlkSUJhTUY2TXRJaXp0bThZZG12YmJ2bWpwRXJ2U2tZ?oc=5,new
2026-04-13T07:00:00+00:00,target=,LVMH зафиксировал снижение выручки в первом квартале - FashionNetwork Россия,revenue_decline,40,Найден сигнал «revenue_decline»: снижение выручки.,Google News — снижение выручки и убытки,https://news.google.com/rss/articles/CBMipgFBVV95cUxOLXdkRUV5c3VpTDYzQWZkXzF6WDlSVlBMSndKMjF5ajdLNDlMb3dWOXpvOHJsTlpoWUJEZ1VGYWM1MDZLYWNfdWpXUGNfWmpCY3JybGt6S3hjcXh3MHBfZEJEcEppRmZEcGIyak8yUmllalRPZDNWei1GcUd3VldULTVZWGtYUDliY3Q0aXIzLTFaTXlESi1qazdBQ0JRYzFjRGJmTW1n?oc=5,new
2026-04-13T07:00:00+00:00,target=,"TikTok в России увеличил чистый убыток в 4,5 раза - profashion.ru",revenue_decline,40,Найден сигнал «revenue_decline»: чистый убыток.,Google News — снижение выручки и убытки,https://news.google.com/rss/articles/CBMilgFBVV95cUxPRmhHdWhPb1dkNWRjT2Y0UTA0elhvN0ZXNERJa2VEUXlIRjdRWGpscXg4THdDcWswcUVCTVJmbS1GZVNULWJDdDkwN1RYWmJVZ2NEQ1JjYjljbDU4M1dhaFI0MzhNcVdRNkNnOE5tek5Fa211ZmRoNnJVRnY4b2xybEJjaXNUQ2FxamZfaVd6UWFTbEwyYkE?oc=5,new
2026-04-12T07:00:00+00:00,Содружество-Соя,Чистый убыток «Содружество-Соя» превысил миллиард - Зерно Он-Лайн,revenue_decline,40,Найден сигнал «revenue_decline»: чистый убыток.,Google News — снижение выручки и убытки,https://news.google.com/rss/articles/CBMiP0FVX3lxTE4yajVpTGMyUTZkRGVSNENHWFRodmhNWDRQUm5rYktXTG52T2R5aXBzZ3p5ZkgySmlRMmhabWZUbw?oc=5,new
2026-04-10T14:45:44+00:00,target=,"Финансовые результаты группы Илим за 2025 год: чистый убыток составил 16,5 млрд ₽ - Marketpower.pro",revenue_decline,40,Найден сигнал «revenue_decline»: чистый убыток.,Google News — снижение выручки и убытки,https://news.google.com/rss/articles/CBMiuAFBVV95cUxNbXpGeVZhbUw4NF9xcEN6RVZBNDVaSHdhMDgzeFdTT01uSklCbFF1Z29LQ3NLYm1udmZQVjBYLUk5UF9uVm1UY21fUmNHQl8wTDZoZzJTWjBCUU84NFVuMWRFU0ZtS2pMZUw2TUg2T29EVE1qM3ZmOEUteFczUFRFM05DOEVzalVDT3ZRSzRuX3gtd2lDSTg3LVJEOVNMaksyQ1p1Zi0xdFNwNXVITUNHekJxSUphTlFK?oc=5,new
2026-04-02T07:00:00+00:00,Магнит,"«Магнит» впервые за 20 лет получил чистый убыток, он составил 22 млрд рублей - Юга.ру",revenue_decline,40,Найден сигнал «revenue_decline»: чистый убыток.,Google News — снижение выручки и убытки,https://news.google.com/rss/articles/CBMirAFBVV95cUxPMktBWGdoVURuRTlaR25ScGVCelJUTzhHR3NYejR1bkRoWE5DM0NoZWVaeWRfaUdWYUhyUktuMk9lcVB3VTQ1UXV4ZUljWGtDSlE5UC00aHJTS1JzOWt0R0RtVzl2T2ZqVXE1aXVyRXpKN2g3Q0E5b0g1OHl0RXBNRkJVeTU5MVJ0dVAyellqcWRoM0ZMcTFvZmJ1Q1d0eXg3d2R6bnlIVHRVVGcz0gGyAUFVX3lxTE1TTVBXbUNtQWRBTEFFWVg5NDRHT1prLUJnbjN4MTlWdmo5SEZocFFJN1A2aktPNWhMTXFWTTJqX3MwSmhxR0tYcVM4bnhROTdVR1JyaEZjU19hdjhRRW5mZEptZzA1a01BWUdEYklEX1cwVUp2dWdUM0RLWDB6R2pia0M1UHF6YnRtWGxyRlMwbVJsaVdEdXdQYXVfck1sTUR2VTFZSXM2SEN4Zl9ROEEwVnc?oc=5,new
2026-04-01T07:00:00+00:00,Магнита,Чистый убыток операционной компании «Магнита» в 2025 году превысил 22 млрд рублей - Sostav.ru,revenue_decline,40,Найден сигнал «revenue_decline»: чистый убыток.,Google News — снижение выручки и убытки,https://news.google.com/rss/articles/CBMipgFBVV95cUxPRFRzRk16RVoyZm1nVzV4UlplOFJQeEFXRXpNekhEb2pqZVNkZklZWGk4eWZoY0RrUWhrNDFSTnQ3VGVNTGdUNkxpT0sxUm9JT1lUajZBRHZ4TDdKX1F3RXlDM3F1aVFjYmlOZDBab2xMSEhYMFBJeUNvclZZS2U5aHlWeXdwc3pfT3ZBWFBYdTFzaHpUZnBfXzhYX1NCblBFb0h3YTFR?oc=5,new
2026-03-31T07:00:00+00:00,target=,Gucci в России зафиксировал чистый убыток в 350 млн рублей - New-Retail.ru,revenue_decline,40,Найден сигнал «revenue_decline»: чистый убыток.,Google News — снижение выручки и убытки,https://news.google.com/rss/articles/CBMingFBVV95cUxNTkg1MzkwVlg4akcxOWhGR3YtOU4tX3hvYXh2SURRV3BUNVBjeUdodDAtczlMZW5Fd2licVRPNGVLTksweTVrczFLSFB5WDd6S1VuWkxWQ0hoN2lVRklUUE03X3FHTjRqRHZnc1FGVlFUX1lCWlJjQU9ITThGZkN0NVNCck9BTURaOVVlZzNzREg2WGhrd1EwcGUwaE1DZw?oc=5,new
2026-03-27T07:00:00+00:00,target=,Чистый убыток ГТЛК по итогам 2025 года составил 6 млрд рублей - Морские вести России,revenue_decline,40,Найден сигнал «revenue_decline»: чистый убыток.,Google News — снижение выручки и убытки,https://news.google.com/rss/articles/CBMiTkFVX3lxTFBpM2lEcUNVSXJwdnlQV1RXTVdUa3R5VmQtZEJMSzc4OFprc1dmWkE4cnpRV3FSdEN6NHZmWVVJVVVMcGpwV2g3VzhqUjktUQ?oc=5,new
2026-03-27T07:00:00+00:00,target=,Чистый убыток ГТЛК по РСБУ составил 6 млрд рублей в 2025 году - Ведомости,revenue_decline,40,Найден сигнал «revenue_decline»: чистый убыток.,Google News — снижение выручки и убытки,https://news.google.com/rss/articles/CBMifEFVX3lxTFBKUWxaOFIzWWtQQmpFRVZFYnowcmRBUXBmR0Q5T1o0bzdVVHNLTXNGRWdTMlRVOHZIUWUzQUJLREVHM3EzNG4xUDRaN0lrSTc0NjB0ZGdoLUk5RHZHUElTS212UFJNd2xlNzRSZGhhUkxyV293cWZHUnRQLXA?oc=5,new
2026-03-27T07:00:00+00:00,ГТЛК по итогам 2025 года,ГТЛК по итогам 2025 года получила чистый убыток в размере почти 6 млрд рублей - Портньюс,revenue_decline,40,Найден сигнал «revenue_decline»: чистый убыток.,Google News — снижение выручки и убытки,https://news.google.com/rss/articles/CBMiR0FVX3lxTE9hRFdlYUxPSzdhVk9JaHVtclFIWTJWVmdYUGNESThLcWZkRkw1b3NXUjNkbzRLVGlOYzlQYVU2dy1Uc3ZrUTVj?oc=5,new
2026-03-20T07:00:00+00:00,ЛУКОЙЛа,"Чистый убыток ""ЛУКОЙЛа"" по МСФО с учетом прекращения деятельности по части активов в 2025 г. составил 1,06 трлн руб. - Интерфакс",revenue_decline,40,Найден сигнал «revenue_decline»: чистый убыток.,Google News — снижение выручки и убытки,https://news.google.com/rss/articles/CBMiUkFVX3lxTE0yTmlFSEdSbVNnR2dGVjdBd1RZQjdZa0lOdlZVNW5nSkk5RHA3WFZOa3BPWnMzaXRwWjN6WExvQncxMVBheFhCOFloUi1aazRTUXfSAUtBVV95cUxNMkpxeXRiUF84bmVKX0hHamV2YkUzX2FOci1OVWJwOW1rWFh4QWNzMDVnaDR4aW1rMk5BNzhpOE8xR2U3SFZvSFY4X3M?oc=5,new
2026-02-17T08:00:00+00:00,target=,Новатэк (NVTK): отчет за II полугодие 2025 по МСФО. Чистый убыток и что там с Арктик СПГ-2?⁠ - Smart-Lab,revenue_decline,40,Найден сигнал «revenue_decline»: чистый убыток.,Google News — снижение выручки и убытки,https://news.google.com/rss/articles/CBMiTkFVX3lxTE9EZXdmTl9pUllMLTVkLWs1VEQ2MWFwTkZtQ1B3ZFd6OERyeFdSYkdKSDJ0UFBfVExoTXZmM0VieGlIQXhjZklQYUZVMlp0dw?oc=5,new
2026-02-12T08:00:00+00:00,target=,"Камазовский автоперевозчик NatCar увеличил годовой чистый убыток в 3,6 раза - Интерфакс",revenue_decline,40,Найден сигнал «revenue_decline»: чистый убыток.,Google News — снижение выручки и убытки,https://news.google.com/rss/articles/CBMiUkFVX3lxTE9VZlVySjdRRUcydEtweG9BdjBBUmVURmYyczZOTXJRaFRYaXktM0dJWm14V1V3UHZkZWVjWlhtckhaYzFMYmlMdTlQOGY1anJXVFHSAUtBVV95cUxPczZ6R3lXNmQwM0V6b3k4b1dabEc2TDQ1RDlhbHpZRWVjMHZUaWpkQTdSSzVhY1JucnZraUxtY1RVQU5VclVTZ0ppRGs?oc=5,new
2026-02-11T08:00:00+00:00,target=,Ford зафиксировал рекордный чистый убыток - БКС Экспресс,revenue_decline,40,Найден сигнал «revenue_decline»: чистый убыток.,Google News — снижение выручки и убытки,https://news.google.com/rss/articles/CBMijgFBVV95cUxPb2dRX1JDUHVXQXNEVXBjUFZEclMtMjhoVVZiV2FYbWNfRTJnMzBaUEROME12NGVxSDh6bFNyWnVndVdJVkZ2bnZqVnQ0WE1MdWh3RGpPbGt3UDh6U0I4d1RNMFFEN004TjJPMGRKZGR4UDlBbnZtcVFldlgxd3BjUGlabndFcU9ybG9DbElR?oc=5,new
2025-10-30T07:00:00+00:00,Почта России,"""Почта России"" сократила выручку за 9 месяцев на 1,7%, чистый убыток - на 4% - Интерфакс",revenue_decline,40,Найден сигнал «revenue_decline»: чистый убыток.,Google News — снижение выручки и убытки,https://news.google.com/rss/articles/CBMiUkFVX3lxTE9TUE4wS0lqczM2YXNMM2QwaGVFNktCeG0wZVdGVGNCemprWEJlUndmYWV6WGU1M2NONkptMVRjTXZYd2FCNzFBOW56eUFYdEtIRkHSAUtBVV95cUxQNTBEdDU5MS1wcl9YS0t5R0NYeE53YVdlNlA2dTd3Qm1xeVZMV2N0SkhycWpndXd3MUdEM1d0ZlZoNDRmaUJHdjF5dGc?oc=5,new
2025-08-12T07:00:00+00:00,Вертолеты России,"""Вертолеты России"" в I полугодии получили чистый убыток по РСБУ - Интерфакс",revenue_decline,40,Найден сигнал «revenue_decline»: чистый убыток.,Google News — снижение выручки и убытки,https://news.google.com/rss/articles/CBMiUkFVX3lxTE1nZHFjRzFGYXhHb21uYjlYdlFNX1ZwbGVHcTRYRTd0Y0QwNGhycDhfU19udlUtSDNSWHMxZVQyS3doNF9lTUg0TWMzdVRLUnRRekHSAUtBVV95cUxPc05PZ2lxcktJd2JaVWlNSUt5cU5nMXhyV1NzSDlRS0FKbC1HU3hiV2dMWTA0NG1ybUFsX2NKdERRN0I5OTBCNzZiYUE?oc=5,new
2025-05-16T07:00:00+00:00,дочка,"Российская ""дочка"" Parmalat получила годовой чистый убыток в 20 тысяч рублей - Интерфакс",revenue_decline,40,Найден сигнал «revenue_decline»: чистый убыток.,Google News — снижение выручки и убытки,https://news.google.com/rss/articles/CBMiUkFVX3lxTE5yOVllMUdrVnJiM0pmcE5oVlRDWXRveUx0Sm5Uc0RwSk8wcjhNRGR2bHI4VkxlTnhHUFhPUkFFdk9wTkNmSnNqa0NGdjBldkN1R3fSAUtBVV95cUxOMTh1bnZQeS1mTENuY19idWE5WGlsb0tQekJNUGM2Y0tZdDNNQ0dQY2pnc1ZMOXZ1NTRKS0JtREdhTXhQQkVoQVlPcFk?oc=5,new
2025-04-29T07:00:00+00:00,Почты России,"Чистый убыток ""Почты России"" по МСФО в 2024 году вырос в 2,1 раза - Интерфакс",revenue_decline,40,Найден сигнал «revenue_decline»: чистый убыток.,Google News — снижение выручки и убытки,https://news.google.com/rss/articles/CBMiUkFVX3lxTE9PUklfTWNNQVU5UENTSThKa000aTBHakd5cTR3YVNpaUxNQzh5cGpBQ1pMRnpVWm05VVJlTFlWOWw3Ym5jcVJGajQxYXZoS2VSSmfSAUtBVV95cUxNRHZBVUE4eXgtcTRlTWZHRUdJX3dfM2dnbVhnSW0wWkc5VzdncGE0a2hhQ09VTlZ6cDVIcmhjUVhUVzNYZU1wU0xXYjg?oc=5,new
2025-04-01T07:00:00+00:00,Почты России,"Чистый убыток «Почты России» за год вырос почти в три раза — до 20,5 млрд рублей - Хабр",revenue_decline,40,Найден сигнал «revenue_decline»: чистый убыток.,Google News — снижение выручки и убытки,https://news.google.com/rss/articles/CBMiR0FVX3lxTE9LRVdoZUtJbVRCS0ZaUDNMZERRcWQxZThaQ3dQVEtWZTZDejZCV1pfRDFsemZGLW5ZYlM2VGhFYzA4WlFFUUgw0gFXQVVfeXFMUGJkaTlxTy0wMzdob0t2T3B6NVFxazhxallMYkdqUDd4a2RNWjR0ajdsRHpqVEoyQ0M2VHRiS1JJT3dUQ3FkVjFRQWpDaXRGZHl5VVJ4MFJn?oc=5,new
2025-04-01T07:00:00+00:00,Почты России,Чистый убыток «Почты России» превысил 20 млрд рублей – Новости ритейла и розничной торговли - retail.ru,revenue_decline,40,Найден сигнал «revenue_decline»: чистый убыток.,Google News — снижение выручки и убытки,https://news.google.com/rss/articles/CBMipAFBVV95cUxPSTlHejBKa0FRd2NGWjNoQy1HWlp1bWhJZEsyVlE3a294N3E0YmZDWkdiZ2pLc01GRXRNTXUxOGk0b3dSbWVwZVRFNElNOUtFOGU4cVJuRV93bklNbmtQbzNFNXJKSDE0WXIwRWE2dWVCd1lsMkw2MFNaU1NZUkMwZTkwMEFQckVpRFlJaTBwVk9QR2RUWF9HSUhQaU1GUjFaMGl5TQ?oc=5,new
2025-03-20T07:00:00+00:00,ВКонтакте,"Чистый убыток ""ВКонтакте"" вырос втрое - компания потеряла более миллиарда долларов - Економічна правда",revenue_decline,40,Найден сигнал «revenue_decline»: чистый убыток.,Google News — снижение выручки и убытки,https://news.google.com/rss/articles/CBMiqAFBVV95cUxPcWdZSEk3QjdUWkFmUFFRVGF4VHNxUXIwTFNJbk1LUnhKQXBUUVF3dTloWk1VQnIxMjFqallnVXdNZnFFLUJXUDAzQ3paejhuSE1nd2E5d1hrZVBGY3hIR0ZyT0NnaUNWTGllTnNPQVR6aUJLSXhRT2ttZzUzVGw0U2x4VTRvbXZNVlVCZ2l4N0FJZ1J4VFFQTjRsdW5uTXFZSWRTbERUMXfSAbQBQVVfeXFMTmJQVHNocUtXRVhHWW05Q3RBcjIxLV9rbUl4X05aTGNBNk5lSE1zUkM1TU9lWF82ZDNaTWp6cjJRZ0JhaUg3Y2pQYk9ETzNSOE1zblB5TnhzWEdMLVVOU1ZVbDVjb0dsU1FXUERWUE1FUWhNRjFCZm9kQk9YTmRoeXVEa0pmek1TR3hNU2NHdjdyVmFlTkJ3RHYyRWE2M3drLVJPRE54cUEtb2Qxc0R2SGNHNHg2?oc=5,new
2024-05-12T07:00:00+00:00,Российский Benetton,Российский Benetton получил в 2023 чистый убыток в 48 млн рублей - Своё дело плюс,revenue_decline,40,Найден сигнал «revenue_decline»: чистый убыток.,Google News — снижение выручки и убытки,https://news.google.com/rss/articles/CBMipAFBVV95cUxOTVR5cmEyM0lrTEIyNWc3dGVDNzR5NGZWRV9jRUhBQVVEbm9yNWNEc1JmMFNhYmdIYlpFUF9LaGFtMFIwa2VpaHBMTGRMUzJIU0ZaVkh1aExhNFhQc3F6dkJjcWtTZVRrZ01sdFAwNHVYcG1xVlFTSnZZQS0tazM5QXZMdkpjc1hmYzdiZnNVMkRfb2hLcFpMQU5wZDhhSE5sWVptZw?oc=5,new
2023-05-05T07:00:00+00:00,target=,ГК по ОрВД увеличила годовой чистый убыток на 47% - Интерфакс,revenue_decline,40,Найден сигнал «revenue_decline»: чистый убыток.,Google News — снижение выручки и убытки,https://news.google.com/rss/articles/CBMiUEFVX3lxTE94Uk96amNNaVdVYWVSQ0RNWTltSnBwOTIzVmhTUHM5bElIV0RjVFZwSG1GMnBNdFg3MUpfN1RJV1NZMHlrWUFNTnE2WG5YNU9R0gFKQVVfeXFMTzRFN3huTzVRb3c1eU9GeU4zaEpKU0RrTWlObm05eTZKNU5hQktpWHAyMGdySUdRY3FaYzZhaWxpWmt0WEVPR1Nfb1E?oc=5,new
2023-04-25T07:00:00+00:00,Мираторга,"Чистый убыток розничной сети ""Мираторга"" в 2022 году превысил миллиард рублей - Интерфакс",revenue_decline,40,Найден сигнал «revenue_decline»: чистый убыток.,Google News — снижение выручки и убытки,https://news.google.com/rss/articles/CBMiTEFVX3lxTE1jOXJMZFBndkZRc3UzeHpjQmNjRDFralFvLTFiRUJUTEZDTjkzRkM5cWNRSGd0QVQwSUg1M0pKQ05XMllfQzczSnZKdDfSAUpBVV95cUxPWFVHZU5kSk42Y01FbUY1REE3UGtSYlM1SmlHTV9nc21kVWJJVW81bnZjNm10MXJUQjBKQnp0SUFIdkJjUnQxaEgyQQ?oc=5,new
2023-02-16T08:00:00+00:00,Renault,Renault получил чистый убыток в 2022 году из-за списаний в России - Интерфакс,revenue_decline,40,Найден сигнал «revenue_decline»: чистый убыток.,Google News — снижение выручки и убытки,https://news.google.com/rss/articles/CBMiUEFVX3lxTE54VzhZaVU4RXNpS0FDSGNYVWR5cy0waFFhX1hhUHBTVUp1TFFZcmp3WDN5Wl9BMzk4cElQM2s5aTBnR0N2dExGbGNteHljMFpX0gFKQVVfeXFMUFBtTTVvdFBYUVF5SXR1dWV1QUUxRHdtMkg5MHdmdFhUdTl0Y3AxRnp1dDNmMjRLU3FjaS0wVnI5eWJkcEtWMjdZWVE?oc=5,new
2026-06-08T07:00:00+00:00,target=,Масштабирование бизнеса в Украине: почему Киев остаётся точкой притяжения для компаний - kstati.dp.ua,process_problem,35,Найден сигнал «process_problem»: масштабирование бизнеса.,Google News — CRM и систематизация,https://news.google.com/rss/articles/CBMiuwFBVV95cUxPdE9zcTdVRHViSVhMU1ZscEItQU8tZGlabk1NVU94RVlVUjZvU1F5YkJyOWgyYUhwVTd2ZkpfY2p2eXptNlIzcU1pUTRpN2hUbWU1ODlJWUNxNGJvTGJCZ1ExN2RILXk5VEE4TThDYlJtRHdqOVNrdGxpcjktbkNmQTY5eTExWFFScEljYXpmMl9TanFCYWo1ODR5aG5ZZlNKeUI1MHN2Nmx0d09IbnNZRzk0RGE4VXk5VzdJ?oc=5,new
2026-05-14T07:00:00+00:00,target=,"Масштабирование бизнеса в 2026 году: ключевые стратегии, тренды и роль государственной поддержки - Т-Бизнес секреты",process_problem,35,Найден сигнал «process_problem»: масштабирование бизнеса.,Google News — CRM и систематизация,https://news.google.com/rss/articles/CBMigwFBVV95cUxPYWFBeGR5V184VUM1NzNFTEl0dkE1bDY4c2NDZ01QVGxBbThpOXlrUFJxc0tEUTB5dVJIRkp5YmFKY1JSLS0xTURrano2YmVfTThiUVZ4TWhobzNCSk1KRHVOUzBqdWhHMUx0TmUxVmZaS2o4S1Nzc3RNYkJmc2pTbjYtUQ?oc=5,new
2026-04-14T07:00:00+00:00,МоегоОфиса,"У «МоегоОфиса» втрое выросли убытки — запущена реструктуризация бизнеса, проводятся сокращения - 3DNews",restructuring,35,Найден сигнал «restructuring»: реструктуризация.,Google News — реструктуризация и смена руководства,https://news.google.com/rss/articles/CBMixAFBVV95cUxOTHpPdGZ4NWFkT2FxZ0hKM3J0TE80RnEzRU83WFdGTFpGdThZYWpmLXgzU0NzQ1JOVHNYYWxkWFlVblRaMUV4ZFJkMTItcmxGRGVTcEdWT2JXMW9nZVl4aXpsSnBCNnJPalE1cFF0YkdaYnQ1eE9OZDdhSEd1MEhmNkE5S2ttcUhma3N4dXVkVjFndjBBbGxjd25hRnJRc1hkN0w4VW1CZW1YSkJOdXJuUzBKLURsaHBrN3JRa1hIVDBBVll00gHKAUFVX3lxTE8xMkZTYUNrUGRra2JRR2p5eEVoZXNMQUsweGNOZ1pRWlkwTmtoVWloeEx5STFYUm9hdlQ4Y2c4Vm1NaWRabDRSNWNzNGhUMGxMaDVsUTVtZjhnUVZrS2I5Qi1wWEpyVFNiWHJDbGxjMDVUeExrYmlMNjZUN1dBeHd0SVVZaERpME5XWlRWVzM5S3ZKTnlVREo3a0pUT1FvQ05CWEJzT2JOTFVWaXlUUG9XaUpsb0pDcUJTS3p3STFhNWtSYWM1Mkkxbnc?oc=5,new
2025-12-05T08:00:00+00:00,target=,Синдром отличника у предпринимателя — почему погоня за идеалом убивает масштабирование бизнеса - Т-Бизнес секреты,process_problem,35,Найден сигнал «process_problem»: масштабирование бизнеса.,Google News — CRM и систематизация,https://news.google.com/rss/articles/CBMihAFBVV95cUxPMkswTld3Nk1ibjc2Rk5yMjJNVnduak9McVV6YmFPdGpoWUd2OUxIODd6RWZrbXppUmtIcEtZVThxdTl0NWdvdDdiTEJHc0h4X1AzVnM4QUw0a2JBcTQ5TGhTR2daWTZKSVAxUjYwRXZpZERPZXhQdU9kSnc3QW9HMUVqaXg?oc=5,new
2025-11-11T08:00:00+00:00,target=,Реструктуризация вместо банкротства: рабочая стратегия или отсрочка неминуемого краха - новости Право.ру - ПРАВО.Ru,restructuring,35,Найден сигнал «restructuring»: реструктуризация.,Google News — реструктуризация и смена руководства,https://news.google.com/rss/articles/CBMiREFVX3lxTE5ETWtOMThQVVNhc1lZWk5GSERpb0llSzJnUkRwRWQ4Q2VDLWZHVC1GQzBDaUM2WUtGLVVUZ3NKUGIwa01L0gFKQVVfeXFMUGhkcmtQVzRGWEVIX2dRWTRzMUpiOXVqWUJOdThQd1l2NUROWE80dHF0YWR6R29aWWhKTDBkZHRkUXhxeHN3RkNXM0E?oc=5,new
2025-06-17T07:00:00+00:00,target=,Масштабирование бизнеса – программа Shell LiveWIRE стартовала в Астане - Новости Zakon.kz,process_problem,35,Найден сигнал «process_problem»: масштабирование бизнеса.,Google News — CRM и систематизация,https://news.google.com/rss/articles/CBMiswFBVV95cUxORnZKNnZLUjU1WE9sTTBLeHl6YmlMaXlWZ1NMekgwa3MzemloVGxycmVBdUtyQmFRZU5UOUowZHdzVUVpR2ZIS2RhbXNpSVFiMFpBUUEzUXV2ek5idkpUNDNYRVBtZHlLRWhOQXl4Q1JLem4zemhlRS1JTnpNOFQ0WG9FUEo0NXdkRGRLSU9uTHl1VGhrYjFFX1pVVm5QZkljQUk3OXU4Qy1kTk1zV2pKVWpiQdIBuAFBVV95cUxOME5pQnhnUFlGNHR0RlpWLTd4VG1zUlZydXM5SGtLR1ZOZ2tCbGNDNlo1ZnR0MjM5ZnhRbkUyTnBDUkM5ejhlRzc5c3JHc3g1Vlo2NDFxRDlMRlhjMHp1UUM3R1M5SURxX1NuUnVudXlrcDFYWHFqU1VCaWU1bmg3ZXlCZHN5UHVKc0tqM1BtdFJBcXB2MDFkcEZnRFlhVzNlVnNyZXZNWmUwNVk1aHRKTzE2VFoyWmZY?oc=5,new
2025-05-16T07:00:00+00:00,target=,"Курс на масштабирование бизнеса: Елена Шевченко объясняет, как выйти на новые показатели даже в кризис - Собака.ru — Журнал о людях в Петербурге",process_problem,35,Найден сигнал «process_problem»: масштабирование бизнеса.,Google News — CRM и систематизация,https://news.google.com/rss/articles/CBMiXEFVX3lxTFBKVzdDNnlFR0xyVzNrU2twZXQzQkE4N2dIYlFfcmdZLVVFX1NJbDlBTlNKcmVpZDBqVW81NTNJUE5Sd1IxVTQ4bW9kQjdncW45ZDJuVDE0NFhNUWpo?oc=5,new
2025-03-28T07:00:00+00:00,target=,Психология успеха: как навыки предпринимателя влияют на масштабирование бизнеса - Деловая Газета.Юг,process_problem,35,Найден сигнал «process_problem»: масштабирование бизнеса.,Google News — CRM и систематизация,https://news.google.com/rss/articles/CBMiVkFVX3lxTE02R1pKUG4wUFFUUWFGdDdYUzhMZmVOaXhJS1BPUWFmMTdSSE5TZHM1dG5XWGxNTXpFb1lBNGpvREVtQVpBZkZtbUtzU1Z3MEVpT0UwNDRR?oc=5,new
2025-03-04T08:00:00+00:00,target=,"Деньги есть, а роста нет? Почему хаос в финансах убивает масштабирование бизнеса - Клерк.ру",process_problem,35,Найден сигнал «process_problem»: масштабирование бизнеса.,Google News — CRM и систематизация,https://news.google.com/rss/articles/CBMiU0FVX3lxTE9RU2Q5WDd3R1JwSVhDYVR2dlQ0RjhibTRfR3pIV0FKY2Y4ZXVyOHBrQjZhOFlWX2xiUTdQbDRhM0NzSkgwdk1TVGIya1Y0U2tmLXhF?oc=5,new
2024-09-16T07:00:00+00:00,target=,Масштабирование бизнеса: как из одного заведения вырастить сеть - Biz360,process_problem,35,Найден сигнал «process_problem»: масштабирование бизнеса.,Google News — CRM и систематизация,https://news.google.com/rss/articles/CBMilgFBVV95cUxNYlNpelljUXNJQ0x5RzBsQ2p3eW9BS0dJQXdnX3dYWDAxWlJYUk5sOHRsWU1sX3VWNF92Q2YybTJYTVlnZUxiaU9kNE5YYmZ1SXdSTUlnZGdXT0Y5S2NOSEc2akVteTNCdG5MRHlpU2MzMTFZWS15VnVzdFR0aFd1dGxHV2FjRmd4V2hCWHdBdm9PLWp3TFE?oc=5,new
2024-05-27T07:00:00+00:00,target=,Бразилия и масштабирование бизнеса: как выйти на бразильский рынок? - Forbes.ua,process_problem,35,Найден сигнал «process_problem»: масштабирование бизнеса.,Google News — CRM и систематизация,https://news.google.com/rss/articles/CBMixAJBVV95cUxQR242dlh0NG9INnRqTlNSVThNdnhvdkRfcVMyM09LSmVaTmlLZU02d0Ntd3hBeUZRX1BCZ0MydG1FRU9SeU1BdGdkRS00ZXBkd2Rib19tZll3blNYU1RRejZxQVBsRTdLS1RZZWQzOF84eWx2QnNjVHp2bzJHRWtBaEdyc2xtNktWcWF1RXRtTEhXQzh6WmxlZUZ6RkczaENsZlJGNWRWSndOb1E2VGVfcDk5MzlxYzJnaktycGszMkxxR0hFbTRmQjgwSHdRVG5hWkJTcm1LcTR0VWxvYmdyN0d5dEp4bE1GMHhjUm93ZDVuTG1LSkN3SnBkaklGR1ZfTGRHRkk1WVJQU0VIVGROUjN1SmhGMTRDYjVzNlNaeE9KY0x1ZWg4VExBajREMjJQRl9NMjRIdEYtTkxEeW9LXzFWcVk?oc=5,new
2024-05-24T07:00:00+00:00,target=,"Масштабирование бизнеса в 3 раза: острые задачи и решения. Опыт Ругии Кенгерли — в Клубе Про бизнес, 30 мая - probusiness.io",process_problem,35,Найден сигнал «process_problem»: масштабирование бизнеса.,Google News — CRM и систематизация,https://news.google.com/rss/articles/CBMi3wFBVV95cUxPU3d2OFJrV0dwbzF4anNPU3dDWUoycDhmZ285SHdadDNYU3JKVFdtYVhyazJETFJlaWkyV0lTNVQ2VE1TcUlVbWJoTUFaN2lPUnNoMmtNbXFlZ1Q5WXdWbkszN0FVZm1ReHZiREZVbTVqV2tMYzkwNURaX3dwNE10MW1iNVV1RlRyQmtCRFpGTTVhY3E5c1FvSnV6M1NIcHZYVXhFQ2h4eTNlcms1LWRDSS13andwaGc2WTYwbVhLRHVjZ24wWVo4bWNmYmVwYlBVbjY4eWdYVWpzRVVSZVE40gHkAUFVX3lxTE8yMGpvYnE5aVVEOG1uemZqZFBNTlpOQWhyZlF4dDVveHVpWVVFaE1TaTczWlZKTnNvSUZoTUVaclRTWFg2NHpmWmd1NWFzenVlOTRJc2V4Vl84bHZFVEhVWkZDanVqcTAtMmRTSVpJUzhlVjJQRWZmNHM2aDNYVjdQYkFuSGl2anFSd2hMY1IwYjJyS3dRUVV0S05PSFE2aDhfZ2VpTzROYzFmeEE3bDFvU3N5YWx2QVRvbWFZZ2c4UE5rQTAtM1hvMnZRODlNeGxFdUp3azIzSWQ5UnQxX3piUm5RNw?oc=5,new
2022-10-05T07:00:00+00:00,СДЭК-Глобал,«СДЭК-Глобал»: курс на масштабирование бизнеса - Smart-Lab,process_problem,35,Найден сигнал «process_problem»: масштабирование бизнеса.,Google News — CRM и систематизация,https://news.google.com/rss/articles/CBMiTEFVX3lxTE8xNnQ5MW52dUtvU2NRU2pVZWtPS0VKZnZqTjhYbksteWNRWXdXMmZzN19WQWhXRzFPX2FNVkZRUUt1WHpFbTdLZzViaGw?oc=5,new
2021-11-24T08:00:00+00:00,Казахстанский стартап,Казахстанский стартап привлек $3 млн на масштабирование бизнеса в ЕС и Центральной Азии - Forbes.kz,process_problem,35,Найден сигнал «process_problem»: масштабирование бизнеса.,Google News — CRM и систематизация,https://news.google.com/rss/articles/CBMitAFBVV95cUxQbWtmbndnVE9aN3RVcWg4aGxSNnVIQlh3Uk9PaTkyYVJ1WHM0b0Y2QjhOdWVvdENaLXBRTmFuamI4TjVvdkdjUVBtT0dHY2QtQVAyUmRGLTNsSHZuQUstTTlfMjZGUUppY3BESDFYVXVjRDJsSnRRYWxhYjZIclVpb1dhOXF5cFA3aU1CT2J0OUs3T3FRSFhSWW9xeVM3UDBxbVFzYWdlMkI3Q1pteHJSckg0ZjM?oc=5,new
2021-10-22T07:00:00+00:00,target=,Реструктуризация платежей по кредитам и займам: рекомендации Банка России - Центральный банк Российской Федерации,restructuring,35,Найден сигнал «restructuring»: реструктуризация.,Google News — реструктуризация и смена руководства,https://news.google.com/rss/articles/CBMiUkFVX3lxTE0zbWFkLXBENDRKZXJFN0N1TmE3UmZuNktIOVlVdVNPTi1ybEM2NnFJTFllbjMwcllRa3dVSlctQmpLNDkxX0VpSnZ2dUJkc0Q1RWc?oc=5,new
2020-05-18T07:00:00+00:00,target=,"Смена генерального директора Shopping Live, российского предприятия концерна HSE24 Group: Илья Кирик покидает компанию, ему на смену в качестве CEO придет Мария Островская - Интерфакс",restructuring,35,Найден сигнал «restructuring»: смена генерального директора.,Google News — реструктуризация и смена руководства,https://news.google.com/rss/articles/CBMiV0FVX3lxTE9JcnJmTDJGaHpUcEVDbEE5TGtmQlRWMGhTbHVXcnB5Wk5ObEVrTGVENWNRU2VnX0RlUDdVRTBnVFdpSVlRczRiNmRVVUwydWNRUTZUQ1VVWQ?oc=5,new
2020-04-28T07:00:00+00:00,target=,"Как спасти бизнес: реструктуризация, кредиты на зарплату и другая помощь от Сбербанка - Сибирское информационное агентство",restructuring,35,Найден сигнал «restructuring»: реструктуризация.,Google News — реструктуризация и смена руководства,https://news.google.com/rss/articles/CBMiZEFVX3lxTE9zaG5RaUN0eGxCTGpaZmNZdTJnTHhlV2ZaUW9EQ01wVG5veld3MEI5S1ZzVjBmaHNvWWJaTG15TlozMjgxNmd5MzhLNUtPaXVUM05pYjFKcmo0NWdVbks3X1F0dEo?oc=5,new
2016-08-26T07:00:00+00:00,target=,Масштабирование бизнеса: филиал или франшиза? - E-xecutive,process_problem,35,Найден сигнал «process_problem»: масштабирование бизнеса.,Google News — CRM и систематизация,https://news.google.com/rss/articles/CBMiogFBVV95cUxOQWZxdVAxcWhTWjJfMnFoSllIWUp3RUJRTDYwRGRvNVJDb3pTMjZNLXVkYks0UFZQZ2d0Q09hYnFOSWRvbmxzZC1XQW1nM3Z6M1ctNUFHUWxPU0dRTTU0LUNYcm9nbHJ2WHA5enRhdmk5S0w2bnVvYWRBVnA0cmswS0luTGQ0THJtYW1PNzIyVGZQM3RmS0VzUHl3bUtJUS1oX2c?oc=5,new
2015-01-09T08:00:00+00:00,target=,"Михаил Бахтиаров, СЕО Major: создание и масштабирование бизнеса, местонахождение в 2024 году - Новый Омск",process_problem,35,Найден сигнал «process_problem»: масштабирование бизнеса.,Google News — CRM и систематизация,https://news.google.com/rss/articles/CBMiiwFBVV95cUxPT09JTHdOck52ekFGRW5iVUxZcndWdDc0Vk91OS1OS1FYZHZzcmJIb1ZxbWl3WkxESG54Wmw2LWg2OEduc2hvYkpnOW84MGxaVC1nMXB3aHFhMndpcE5TQkFLa05Ja0pDcF9HRVBJMHI4clc5N3FWSko0bnRod1pNYkk2OVZfb3dQY2530gGQAUFVX3lxTE9YNWp1b3ZuaVh3MWg1YjJjeUVwcFVJMDMwTzRtX3RNQmxRd202Wm1vVGJfd2JmaTBsN1pEVlVVQVBLRU5adUpVTVhZeFRuZXA5WTJLVUtIN3BGSDlGaUE3RVpZeWtKaHIwblNDSnBOeXN0OXd4M0xCTXozR3F3TkVwN0pXcHRlWnFFc0N1SVR2Vw?oc=5,new
2026-05-22T07:00:00+00:00,target=,Операционный директор по криптовалютам Robinhood Таня Денисова покидает компанию - CoinDesk,management_hire,30,Найден сигнал «management_hire»: операционный директор.,Google News — коммерческий и операционный найм,https://news.google.com/rss/articles/CBMiwgFBVV95cUxOSjE5RVZkQ3d2eGR2QXRON29DTURtU1Z5VEY3aE1wWkxyNk9fQzhmYUZXRnRLeDUtV2w0d0MxUWJhTjJneTFUa3dZa1dPblIwNjlqanFuMDBzSFYyb3o5ZWNodllOUlBjQV9HTHhycmhzOVEwU2VZOHRDSnk0VVpSb1FHSGpja2k5bFctRF9sUThqaC1SN2R6bjVjaG0yY2ZzQ3ZEQllzYlBZa2ZYc09SMDBWbU43dUg5ZndvR1pkbU5HQQ?oc=5,new
2026-04-09T07:00:00+00:00,Новый маршрут в Шанхай,Новый маршрут в Шанхай расширяет сеть Air Astana - DKNews.kz,marketing_hire,30,Найден сигнал «marketing_hire»: cmo.,Google News — расширение бизнеса,https://news.google.com/rss/articles/CBMimAFBVV95cUxPTURWdWUtTWtkb0kwbE1Fc2VsalRjczhXNENOSk9MTnhReHlkUHVpREJySkw1cmRsYy1oTkZvZGI5TTJOeGlidlI1andUNkk5eW5KN19MLWtTcHhaVEVETzhMT1RNcDhiV2E3ZmRUeVhydnBYNjNpUVpUMlZtOWw3anYtLVdWcmo0S2tPR2kwNEJKVDRidnhMcw?oc=5,new
2026-03-31T07:00:00+00:00,М.Косметик,В «М.Косметик» сменился операционный директор - shoppers.media,management_hire,30,Найден сигнал «management_hire»: операционный директор.,Google News — коммерческий и операционный найм,https://news.google.com/rss/articles/CBMigwFBVV95cUxPUmF0elQwM3hiTWZIWXFMV2Q4VUcyWUsxbVNuVWhUbWZEdFVnSEVaYTNYYUUxeHBHWTByNW5zMzllM1ptOHY2UWJxc2tPSDkxS2xxenZld2VfQW5ncExLX1dpZ1lhbWxUdy14OF8zTzI5ZGhNcTdYOFFYd1pWRGlndFNhWQ?oc=5,new
2026-02-04T08:00:00+00:00,target=,Обучение COO (Операционный директор): ожидания и реальность - Хабр,management_hire,30,"Найден сигнал «management_hire»: операционный директор, coo.",Google News — коммерческий и операционный найм,https://news.google.com/rss/articles/CBMiTEFVX3lxTE9sY3lkMFFHX2pBd3RTcnVfbGRyMzgzTkpoU1ZfQTd2UVdEaXBHdmJ5eFhFSzBWQXF1Qm5VUk9YcVVreFVhYXRwdVlDMHjSAVdBVV95cUxNMERTY2diaGxaZkx4N1pzUVJpWW4xbnZIM0xxd2hscG5JR1JKdXI3VUlvV2dRcDJGZ2dfWkQwNWFDSU5sSlBPREx2M3NacmtXUFJDcElnRlE?oc=5,new
2025-07-22T07:00:00+00:00,Элсетей Армении,Директор по продажам и и.о. главы «Элсетей Армении» Давид Казинян освобожден от должности - nv.am,management_hire,30,Найден сигнал «management_hire»: директор по продажам.,Google News — коммерческий и операционный найм,https://news.google.com/rss/articles/CBMiqAFBVV95cUxPcElNYlljUXdhX3QxNUwwNV9ISXROb1k4LTJIX1cxTUM0UE9CUUZhVXJITVR6WkZvaUNYaHRlZldUd2o4Ry02RE1TTkpqdUE1T0N4dDFNREdHZW43NzFZY1VjQjdWcWs3OWdyM2J0aTMwcFRiXzgxYjNIdXJ1bHd5b25yaVctdnRJb1BLU1NFanJKRW9KTFVIcURUc2hONjd2R0kycjBEclE?oc=5,new
2025-07-09T07:00:00+00:00,target=,Операционный директор Apple Джефф Уильямс покинет свой пост - Интерфакс,management_hire,30,Найден сигнал «management_hire»: операционный директор.,Google News — коммерческий и операционный найм,https://news.google.com/rss/articles/CBMiTkFVX3lxTFB1M2lsSXZFZnFNLXVzbERNcUpWNXpPSzAxSy12REx1Yzd6MWlOUEhpR1hCVDREWFlBdWVGS0tKUkdPa3E3Rkp5cWU4MjJMd9IBS0FVX3lxTE5jMVpnNG4xNkZzS19KelRMZXRqMDlIOXBxX2tFWEpEQnFhX2V0X0FvS25IbjZqdzg0QmJSNTdvYVJDM1BlZUVQLXJSdw?oc=5,new
2025-07-08T07:00:00+00:00,target=,Операционный директор McDonald’s Дмитрий Корбут стал топ-менеджером компании в Польше - Forbes.ua,management_hire,30,Найден сигнал «management_hire»: операционный директор.,Google News — коммерческий и операционный найм,https://news.google.com/rss/articles/CBMi3AFBVV95cUxPOEdscHNzQWExclZZLVlMd081bktIbUpfcjAxYmwwM0N6Y2xvSERoVWhBMW5PeFVVeHI1NlhhNm9VcnVYWDVTdGVyaElwWkh0WlV6cUVSVWV6eXpjUEk5bnZZTTI5NUN2U3NiRVdBOFp4LUQ4ODA0WUFhNm1mcGF6TDZNNmhkU1RrRWhOYXI5LXBGVWFkbzlNeWNOODFQVGNLQ2h1bTU5V1QyR0FwNVl2eDNXeDJsQWdpWlNGRlNBYTZiaUVZR0lMTzJhdFFJTWFaaDZBT3RLdUk0dnRC?oc=5,new
2025-05-26T07:00:00+00:00,target=,COO: ключ к успешной стратегии - Хабр,management_hire,30,Найден сигнал «management_hire»: coo.,Google News — коммерческий и операционный найм,https://news.google.com/rss/articles/CBMiYEFVX3lxTFBIZGx1elFYaHMybFRpXzVPU2FoV3hFNlU2ZXlmNzVqUW12TkNlUUprQVNjNFRzVi1vTnJKcncwYkVYNkpVMVFqa1RiOXA1ZkRydzQ5T01DYjhUcmxuLURiatIBV0FVX3lxTE90U29VQThxZFNaWUJKb0g3Q2hXWnZZRUdHSjVORUF5RTUxX0JKZk1yUVZnVmxCcE1jaU4tWHpUMnRYTWEtcFFUNWRSaU9Zc1U5TEFUajhvOA?oc=5,new
2025-05-02T07:00:00+00:00,Финтехинвест,"«AI способен помогать в более точных и надежных финансовых прогнозах, и это изменит рынок». Операционный директор компании «Финтехинвест» рассказал, что происходит в fintech-сфере - probusiness.io",management_hire,30,Найден сигнал «management_hire»: операционный директор.,Google News — коммерческий и операционный найм,https://news.google.com/rss/articles/CBMiwAJBVV95cUxQeDlSWGE2bmZjdzRrdm5ieVR6R1MwQk1uVTRxd05OTE5ucU1yVzUtdGtjbjdNMGZEZHk3TWRtQkVaRGU2QTNNVDY0dFdwSHVTN0JJeFhZNkxkQVlrQ0NnVDRxenJNUUNiNjVXYnZqYlBGOFE5dEczbGo4QXdaQXFZZmhCZkJ3ZFJ3cmdZWDdpcU5uaWcyUmVCUUViZDZZZzJQMjE0em9wZ0VCbUV0Q0NmVjJQdGdOeG15a053NWd3akxyX0J6aE5fM1VTY0hNNnRZZmtBa2dncTVSQmNodTZMVkx4NXc0VDRHSDFZeUg4Rm81MlBQWjVXX3h3eGVqTkZhOUU5SkZZQUhNaUpESmRSTkQ5RFNaT0N2T2c2X2FFWjJtQmhPS2JmcThXNkpnUVdMdDdmamQ0b3BGRXZfaU01VdIBxgJBVV95cUxNd2FJM1Q3MXd4LXNEM2I1WktPQmRnTW1kVHVkTmhQT0JvVnFjbFNkNkl3R3lZVjR4eFVLOFJGT0NoSkszOVA4Y3NFTTFqdUQzdTRjZkIzOE94Rkl5RjREMndvQ2Qtd1psdHY5QzhNMTVqdUNweVFCX0Q0M0ttVlJxU3c4bElUSC12cm1RcERZdWtiaTAxOENiSWJfRUs3M19uRGlHRVEzNGFoSmdmdGhySGRoWnpTLVBjMDIyT08xYnhPWmxxLTJXUFZ5OGhSWV80TWVCN2NUc3BtZU1mU1hZVDBPOVVDUzhEaGVRRzlLelpLbWFOdkpnZUFBQks2eFhHaEQ0WHlJZDhWT1duU01HcGJHbUM1ZWdOVzhUOXhtTF96anlLdG5WUDAzUEhCc2NJVmJOWGx2b3RFMGczekd6UnVYNFJuQQ?oc=5,new
2024-12-13T08:00:00+00:00,target=,За что должен отвечать операционный директор и как рассчитать его зарплату - E-xecutive,management_hire,30,Найден сигнал «management_hire»: операционный директор.,Google News — коммерческий и операционный найм,https://news.google.com/rss/articles/CBMizAFBVV95cUxPM3ZBbkU2aXUtSWFlN0wzYjU4am1xWXpiOHNkRkNLRzlSN1Mzb3lMTzNoeHM1VHNCTnRmY2ZtOVdxUE9rd2hVSXJBWGxkR2lDMlczUWxZaTVGZzNjUG56VEotakQya3Zha2w1amNyTGJrSWF5SWdVTWpYMlpoV0VqeTRTbWU0Zy1LV0pQYVhQTmZZZXZHR0NtZkNFMVFSTDNjY2pfTHB5S09ZOXZsMUtoNzhVZHB0d1RWaUUwRndQQm1WcGpyVEpyT21UTlo?oc=5,new
2024-07-31T07:00:00+00:00,target=,От кассира до операционного директора Dodo Pizza Кыргызстан. Сотрудники о карьере в международной сети пиццерий - Weproject.media,marketing_hire,30,Найден сигнал «marketing_hire»: cmo.,Google News — коммерческий и операционный найм,https://news.google.com/rss/articles/CBMi2AFBVV95cUxQRnpmWkJkMVAwYVFEanFPcTZjd0l4aHh1OS1Mcmk4Ty0tTzUzWkh6UTRtbWpRVW9qVUp4Y1N0M3phaEpRMmdSeFlCcmo1OGh0aE9oUkdZS3U5NHBZb0FsYnN1Sll3TVYzbjZGQ3JDMVMtdjBjeGRtOE9nTlltZ1dJZ2FrQTNMbkpZTWJqaGpfNWtLU3pfVkFlLWVIanRmV3dEVkxBZzJ6S0tJa3lacTlsU25HN0U5WEJRbFh2VklPZnJGSFVvQTUxZ2hxUDZCT2ZEcDdvRmgzMC3SAeABQVVfeXFMT0hCNXZWaktoNWJfV2Z5ODE4MUZsaUZrWWR3bHZYLXRiSGx6OU40OC1JY3loRGZMWXk5QV9XdE5KS29XUUp2SmZUX21UNEJ0Mml4WkRCNk9EMkRJdEQtWDBkMTkwd05aR1kydFFFZXpnc0oyTWU3YzViVXhCbURZYjlxdjlJU0QxSTZJLW9VeXZkbUd4R3ozVUhMLS1FbWlRMks1Tm5oVGZUSlV2a3lCWnBHbFdPdW0xMkpfeXNodGpORURKamJudEtMdW8yTDQzRW1Tc3RDUmE5UHBSQ3N4cWQ?oc=5,new
2024-07-17T07:00:00+00:00,target=,В Girteka новый операционный директор - logist.today,management_hire,30,Найден сигнал «management_hire»: операционный директор.,Google News — коммерческий и операционный найм,https://news.google.com/rss/articles/CBMilAFBVV95cUxPU2pHU1JWZDlsWk9GUnpqWWpJcnZsTTY0WXNOVG1OTEpUVFV2N2NvWjhld080cDRwVnByQTlxU09pQWE3OVYtQ29zMkdHVEZ5SjFFallVY2lOMU8ycTB5cjdDOWZxMHl4eVFUU3R0a1RIOXV5S3dqRFEyUjYtVlJiZG1PYkZRNkp3OHRDdWhlVktUbmVu0gGaAUFVX3lxTE8yYzBZSlhCUi1CcDRtS093bG4yaXFCdjNnNUVpOGJBaklQNk9aOURSaWxFODU1aUR1aHdTVUVQSFpJaEloMWlyMmpVNjZ0bEt6eWRIc1NWd2VDSV9Rbi1vc0ZKYkJXMllvYXV0MDBreHBkUmJOc0dVZVliOWk3OUZhcmlDc3Q3M3MwSkdBY2JXaVdYaUdCMGg3MkE?oc=5,new
2024-04-01T07:00:00+00:00,target=,Операционный директор Sony Group Хироки Тотоки стал временным главой PlayStation - Kanobu.ru,management_hire,30,Найден сигнал «management_hire»: операционный директор.,Google News — коммерческий и операционный найм,https://news.google.com/rss/articles/CBMitAFBVV95cUxPZTI5aHptQkRjMWZIcndZQ04tQWpLd01ISUVTbEkyN3lMakd3NlUyclB3NkhKT1JWUFZ3LXhMVDV3Z3AxNXNBaHFXRE9EUDhoaVFDOGlwSG05RGVhcnlsOFhtUzYyMHBsNFZ1RzNwVjNucXlUZVpiWUlLd2xfWS0wUFBjdEU4MjBzZElIdC10elBReWYtMy1YY3p3MzB2ZXZVTzVNTmNwZnAwVkFqanQ3bG1IOXA?oc=5,new
2024-03-11T07:00:00+00:00,target=,Кто такой COO и каковы его функциональные обязанности? - Forbes.ua,management_hire,30,Найден сигнал «management_hire»: coo.,Google News — коммерческий и операционный найм,https://news.google.com/rss/articles/CBMijwJBVV95cUxOZFBRUnBiWGxBTTRWU3gzY3ZUcXRoSnhJY2hiMzZUTnVQM2F0a0hiT1Q0bndLWGd4WjhicXREam51RXVzZ3hFajRaQjFDTl9SLWwxdEt5YTZYenFnWDFrb3NYTGJQZmlCdzZwSmxnbG5oQUhESk5nT0xNYWpWcnF4c19EY1h5LUVxTGwzOVozLVJuTUdlWGpKc0lINmoxc19iNDFOOWRBbEVOM2NGa1JKLXlQN1duWGlwdGJydEkzRC1XTFlfOWZ6RXBiM0VXcXFOTjBqa0hOc3BrV25mNzRWZ2RmVHJhSjVXSHZZbjdRaTNZaklDQVc5WVdYUWxueWthc3puZ1JOLVBtTGx2ZHBv?oc=5,new
2024-02-22T08:00:00+00:00,target=,"Уволена главный операционный директор Cisco, должность упразднена - CNews.ru",management_hire,30,Найден сигнал «management_hire»: операционный директор.,Google News — коммерческий и операционный найм,https://news.google.com/rss/articles/CBMie0FVX3lxTE14WVVjV2FaZDNRQmlaN2g2aUhnT1ZaQlVERkpLYXdtbF9Nc25ELTBzdENaanI0YlNkMDF5alhLRVRzMDVNRTR0dXVBbFk4ZF92TF9MQXZldmpwbXdTZ3JRdE1lOWxTcGJxV3E3aVpjWm1DRTNDbC11VlFYNA?oc=5,new
2023-12-06T08:00:00+00:00,target=,В сети Sunlight сменились генеральный и операционный директора – Новости ритейла и розничной торговли - retail.ru,management_hire,30,Найден сигнал «management_hire»: операционный директор.,Google News — коммерческий и операционный найм,https://news.google.com/rss/articles/CBMikwFBVV95cUxQTERmYmFjdHBPUWJaaTNBWDI3S1ZBSTJNNndjU1FpSi03ajltbkt6aFRibkRGelJtZ3kyUVhxNmJ2enRGU3JHQjBVSXpNS0RGSUZUSmxTb3cwZzktdkpub0R1Z1AwR1BjbF9xaXdvRF9IVTZXTTcxM3VrQjNLd2lOLUJoVUhRdGZ5bFZRQU51MXZNQ0k?oc=5,new
2023-09-14T07:00:00+00:00,target=,British American Tobacco закрыл сделку по продаже бизнеса в РФ - Интерфакс,management_hire,30,Найден сигнал «management_hire»: cco.,Google News — реструктуризация и смена руководства,https://news.google.com/rss/articles/CBMiUEFVX3lxTE8yTDVEY09tN1lXbnZKLUhBdEFONEhrdVZUdjNtNjhLbnR1RFh5SDFlN2R6cVVwbGVjWmxISGl4MmFsSVFDTFpiaTlRSnFNWE8x0gFKQVVfeXFMTkRhNlRTNGJtTGpGazJFSGVxS3hxRlNfVENTbEhydjh1R3BBMkpvbEYyTjNyOEFRRF9qZVlrYlRuY2tfM0N1a3R1U2c?oc=5,new
2023-09-13T07:00:00+00:00,target=,Изменения в руководящем составе Auchan Украина — новый директор по продажам - All Retail,management_hire,30,Найден сигнал «management_hire»: директор по продажам.,Google News — коммерческий и операционный найм,https://news.google.com/rss/articles/CBMitAFBVV95cUxNTkNWSzFXNHdseUwzTTgtR1RTd1d0YkFiOEpLM2ZyRkVmNHIzYkw4TFJmYV9oZ3lpeXFONERKYk5Vb0VvaElTM1J6WWdGem13RjNPT3luYUFPQ3cyTGdGemNRcEZQUTNYdElKZ29jTVRrWE0xb1BITWVZUFBYZ1Q2bFNINjI0LXdPQ3BrNU0xT21YNnJObTBMMHZ6cWJ6ZjhMSmY2cHJDSy1JbHprdmkyS0t2RlfSAbMBQVVfeXFMTU0yRk5kLTZNbWJxTVVsMFFUSHhfY3l6ZU54VVJXLXZQTTVOTEZYVGpjOUNXMGtjUVJ0U0JaNTJfN1ZORWFLRDFyWnludUFmT3diamRnTHFmaVdFM3BKOTZSc3hJMFRiY2lkb2RXRV9lUVh3YmNZMUZpV195b1phYXk0WFllSzk5VjRtWUwweEs3cWs3M1dOSUVjV2lmZFhzb3d2YW5hLUx0TGF2LXZGQUxaMUk?oc=5,new
2023-09-07T07:00:00+00:00,target=,British American Tobacco продаст бизнес в РФ местному менеджменту - Интерфакс,management_hire,30,Найден сигнал «management_hire»: cco.,Google News — реструктуризация и смена руководства,https://news.google.com/rss/articles/CBMiUEFVX3lxTE5SbWNCZHRfS2pHanBPZWljUk9vdWlfMktRMDhFMWI2Mzd0S0FhWU1HWHo0eVBNQ2Q2bVVmLTJvMG1yZ1hyU0llaVRWWlNjMVl50gFKQVVfeXFMTlJnbFBtWWtlMWh3UVhqc0dsT3c0NWR5TXplMEw3eXJuS1h5SmhpUTJGRDJZRVpjMG5YN2N2UE5jS09zeFdtUVNyZWc?oc=5,new
2023-07-07T07:00:00+00:00,target=,Как привлечь инвестиции? Бизнес предлагает обратиться в консалтинговую компанию - 24.KG,marketing_hire,30,Найден сигнал «marketing_hire»: cmo.,Google News — гранты и инвестиции,https://news.google.com/rss/articles/CBMisgFBVV95cUxQNnk2WUdId3RDaEYzUWNvdUc1QnNVbmNrQnBTcHZmeklyMUd6SzdRTUtHRC1XbVEyM2gxZTgzNnZxT2dkZG5NTUdacFVSWW90TE5BWjN5bl9Lck5NbVFtLWlRRTU4WGhCWnlPM2VReUVqaTBTTTZzZmRXa0xXeTBuSnkyM19OX28tOGpYQ2xJWDFjSU1ZdUVabm1aUXNZcUVYTHJHVW5KeGwwVkpyMVdVM0xR0gG3AUFVX3lxTFBUZUotTFZXRFZJTVVKdlYxdG1qSTRBQ3NkUGxFcmoxSUd6dzdoRXVzZVQ1dHRjcGtidnJQU09rUGRFM1FwS2wwRXVoQ3cyV21IRkYweHVmZS1WdGNOdzBlbEVLU1d5QkJzTi14azhpV1VhVDNGalNEUktFcDFCVnB4ckZneWxfblo3LS1xWlRuOGpPeVRXVW0wMEJSYmVGZ1lOejhEN0JVai1ocGFRa0w0R0MycWJWOA?oc=5,new
2023-03-30T07:00:00+00:00,target=,Управляющим директором ВМТП с апреля назначен операционный директор компании - Интерфакс,management_hire,30,Найден сигнал «management_hire»: операционный директор.,Google News — коммерческий и операционный найм,https://news.google.com/rss/articles/CBMiUEFVX3lxTE1PTlQ4ZFM1Y1h5ZUV4dEFSaVgxNXJJVXpZTlhrcW44R2FpeC12ZWdiTUhOSVhDbDZpcnJDWFM2MjFPNzJQTW45RHVEUnE4VGR30gFKQVVfeXFMTm5FMExjaFFMN203OXBBQzlVLUc3d3ZneEk1NDk3ZWRsLW5pRTFtekhvRXJRMXR5X3FwMW5yTDMyVjZScXo3aHIyaFE?oc=5,new
2022-06-02T07:00:00+00:00,Конец эпохи,«Конец эпохи»: операционный директор Meta уйдет с поста после 14 лет работы - Forbes.ru,management_hire,30,Найден сигнал «management_hire»: операционный директор.,Google News — коммерческий и операционный найм,https://news.google.com/rss/articles/CBMiswFBVV95cUxOd3ByYzNoT21rR1FUQ0JxaG9pazQzVEV2MC1KVl9VN3lzX19UeWV2QXpkU2MxVHZzVEtjVWRuU1FadTl4QVF6UnR6S0M0aXA4aWVFTmRybk5DenhzczRnT0doNUxqZzNPZG5SeHpHcHA4N2JwRnBrMklGY2Rkd2tBdEZVZEZXMUE2T3kyWW5DempJLWQ4TW1sWUtGa0xHZWZndUtBdmozNkotaFplU0RVS0l5MA?oc=5,new
2022-04-01T07:00:00+00:00,target=,Почему небольшим студиям нужен операционный директор — пример Futurlab - skillbox.ru,management_hire,30,Найден сигнал «management_hire»: операционный директор.,Google News — коммерческий и операционный найм,https://news.google.com/rss/articles/CBMiqwFBVV95cUxQX2hkZElYSi03MjFIN3QtRkpuWmcwMElCWnNZNkxVSDhmXzBKYzVhenlya2RlYkt2YUUtMkx5dWM1TG1oeXVtVFF4YXRicUYzUW5tT191eGZRcUlqX0thR1JnOERVa1B2S1dIUVQwQjQ0cFV4eEVvU2xuOTRmZ0ZvRUNKR05yMkE0SnFTQ3NmeDYxVVJqUC1ZdVJydENpa3M1Z3JTUzFCaWh1Y1E?oc=5,new
2021-06-10T07:00:00+00:00,target=,"Операционный директор: кто это, какие задачи решает в компании и как не ошибиться с кандидатом - MC.today",management_hire,30,Найден сигнал «management_hire»: операционный директор.,Google News — коммерческий и операционный найм,https://news.google.com/rss/articles/CBMitAFBVV95cUxPTkxuMGFCeDlFX1JFX01SLXVDcEYxaTlCNjBrZHcwSlBwZjFMZE1KaWRxTm02djBuT2ozaURnUEJTcWxGUHM3MFlqNTdReXhOTnpObzhsTkV4UXZiOWUwQVVfSGl6MHlCeWFPcUYyR1VPN2pDdE5lNGRFTG9EOFdqdmp3eEw1cHlrZXV2SFNnaWdMbGFvRUZoQ1FPblBKTUlLNlBXRjNnNkJBZ2hraS1XYU1MVjbSAboBQVVfeXFMT2NPaV9qSU9wZjViVVlKajJOTll3UHRrNTVaaGowUVJnaUlLMW16ZndoQzdtNzVhWHV6OWNXNVp1alVad3o5RXd0Qm1wY0tpaXJfY21MVmd1cW5JYUN0Y3dQV3FUNzFuRlJVUm9JaGFBUkIxcGVyeEc2cS1HWm5hM1VOQnFmeDlqRDQ0Wm90TkRKYk9ZT0lQLVRmakhRSmlXZWt3bHhwMWkyMTlCY0ZjLVBmWWluSXU4aU9B?oc=5,new
2021-06-01T07:00:00+00:00,Ленты,COO «Ленты» Деффингер ушел из компании после 10 лет работы на RB.RU - RB.ru,management_hire,30,Найден сигнал «management_hire»: coo.,Google News — коммерческий и операционный найм,https://news.google.com/rss/articles/CBMiVEFVX3lxTE1QVW9ZeTVKMXFKeTNwU1VfdnZXWmFYNG9Ubko5ckhGRTRTSUlmUzFJNmhORmJ6UDZsMGZnbXVGYXpaamdTbWtLcHI0LWdpVHUzd3RCaw?oc=5,new
2021-03-01T08:00:00+00:00,Норникеля,"Операционный директор ""Норникеля"" покинул компанию - Интерфакс",management_hire,30,Найден сигнал «management_hire»: операционный директор.,Google News — коммерческий и операционный найм,https://news.google.com/rss/articles/CBMiUEFVX3lxTE5MdmpSRktBcldKdjZvc29DN3F3LVBhVVEwczh4Y0ItR3hidHU3NmJsdmtTNDhFaURkUFcyWDVSUHhxVTRFMGh1NmFjUTFjRWY20gFKQVVfeXFMT0hkaktLMDRXVGpLQUp0NzJfOV9JTG41UlpycHFjUm9BUmhqTEYwTkZ4U3B1ZkZhZldyQjdrclRKZUJvNjZLMzg5aUE?oc=5,new
2021-02-01T08:00:00+00:00,target=,Новый директор по продажам и маркетингу Lexus | Новости - АвтоБизнесРевю,management_hire,30,Найден сигнал «management_hire»: директор по продажам.,Google News — коммерческий и операционный найм,https://news.google.com/rss/articles/CBMigAFBVV95cUxQRkZaRGd1T0ZjLWxadmhkNXdpVmkwSEk5QXhSbDFVVzh0T3VFZ0FJX0VvLTQwNDBDMGlELUdFSEpiS3ZfcWtSNHZfRGljd0dESVB4cjBXbzNwTkFVMm1MNzdFMFBPUldXc0ltY19WOVhfbG12a1liNnEtcTB0TXFncA?oc=5,new
2021-01-25T08:00:00+00:00,"Аптечной сети 36,6","В «Аптечной сети 36,6» назначен операционный директор - Pharmvestnik",management_hire,30,Найден сигнал «management_hire»: операционный директор.,Google News — коммерческий и операционный найм,https://news.google.com/rss/articles/CBMimwFBVV95cUxNbkJLbkc0TTFGejVBN3p6T09saUkycHd3cXN3T3ZhVjliSmkwazU0RmNrTHo5dTV5VEpIZDZ1T3ZxLU5mQjlqVUtrX2hLby1uOTgxa1d6NTVyTXJUYjNTdU45ZHNJUW1nNXJxSGF1dFNxTnVhUDlLekZ0TDFxSVZrVmV2QVJBcFVpTzFTRWZrd3pHOS00eFdDOERWUQ?oc=5,new
2020-08-26T07:00:00+00:00,target=,12 000 000 пользователей и 350 сотрудников: операционный директор Kolesa Group об особенностях работы компании - Weproject.media,management_hire,30,Найден сигнал «management_hire»: операционный директор.,Google News — коммерческий и операционный найм,https://news.google.com/rss/articles/CBMi2AFBVV95cUxQV1lhMnA2YmV4bXhkUXZaQVlIUURTUkYyMTA3djhHN0U3R2QyS3hiejVBdWhSa2JleW5naVQ5QlNPc3VmdFkwT2pnMTBNX0ludUNvSlZFSVBGMjBETktWYUVfa04wUHhST3k0VDdBWGV2VktyZVRIa09hREliOEx4WjRlWlhuMTBIOWhneVlBY2lpemd6MHAwVDBnMkpsX2lqbk9oM0FqbWJ6ckNUV2RYZXFUZW1qOFQyNnhuVXBMdDhqTXFqZy1pTWliQnRfaUhNOGRUZnJlbkbSAeABQVVfeXFMTW9RVHVDaEpJVFFuRmpwQ29YWmdqX3FHaDdmVmZVbHh6MVJqUXZFN0E0bGktWDJKNHJRWWVhUkdobVhFaTVKWW10MW9maWVfbjl6TDdnYlZ1aDdSTUFjR0xsZ04zMEEwUEFwUmdubmlSZC03eTFOLXZ1V1dBb25mUGV6MG54cTFlRHdfd3NoZmkyMlN6eHRtVUZwUDZpM0R1TzhGckY5bjRtTW12cEhzTERPSWtrc0ZiMEZyUHZoNjZ2S1U0MVRRclBxSXFqWmREckhzbVotcUtTNmlCYWtXcGE?oc=5,new
2026-07-16T15:20:37+00:00,Казахстан,Казахстан расширяет сеть заводов по энергетической утилизации отходов - Телеканал Jibek Joly,expansion,25,Найден сигнал «expansion»: расширяет сеть.,Google News — расширение бизнеса,https://news.google.com/rss/articles/CBMinAFBVV95cUxPRXdac0NmdFgzOHJnTllNNU5ZY19zYU4xYllIbXg4QmkzbkM2UjFvZ216TGZudGg4T2lIUU11ZExNSmNOMDR4VUVtVzdfeVh5QmxQQ0FyanRka1gzMEdYb0JaVkQwWFhGWXZHa1dGSjlYUlFBWDBUYmJOQmJUbV85MVd4VGNoTXBHeUstNzVHNFVsUFh1QUtwcHE3enE?oc=5,new
2026-07-13T11:29:17+00:00,Карты жителя,ПСБ в Ярославской области расширяет сеть партнеров «Карты жителя» - Углич-Онлайн,expansion,25,Найден сигнал «expansion»: расширяет сеть.,Google News — расширение бизнеса,https://news.google.com/rss/articles/CBMi2wFBVV95cUxPaGoxUG50NEVXeHlXVU16ellpSGp1bi1LMmFEYldRQlZhb2JNeUNNNFcxazdvV09zdmlON3J6WlBjMEtMYmJZWThkaTkzaHB4UDBZdTJjai1mcERCQzMwSldWT2ZyVWRPeE0tbkFGQWFUR2FJLXlHTncwbU9PQVV4YU52TnN6NmhVNU8yRllYQmZNYnlPY2RIQUZiUFlOdHg3YTZjSzRnMFBhLTNoS040WXRTQUw4ZjFBMlFCTXZuTUxlMG4ydXJvVEZSZjkzRENHeU10MGxtX2xGemM?oc=5,new
2026-06-30T11:08:51+00:00,СКФУ,СКФУ получил грант 200 млн рублей на запуск углубленного ИТ образования - Новости Ставрополя и Ставропольского края,funding,25,Найден сигнал «funding»: получил грант.,Google News — гранты и инвестиции,https://news.google.com/rss/articles/CBMiowFBVV95cUxPX1I1MEdSZVZKeTVWWm5XcFJ5WldLNi1nOThQNVNwTFVFWGhqVXd3Q2k5azk4XzRHMEF0ZV9pQ0ttREI3eUk2cmhlS3puVkNLbnQ3UGI5ZTYzR21NMks1RXBXaGpKRDZWOGp2TTBGM2o4Y3ZmSDdJLVJPM2FkQXlSWEpXWF9KakpRLTU2S0VzZXFKZGw0RDdjWE45U1BRZ2ZERXBr?oc=5,new
2026-06-17T07:00:00+00:00,ЭКО Маркет,«ЭКО Маркет» расширяет сеть в Чернигове под руководством новой СЕО - All Retail,expansion,25,Найден сигнал «expansion»: расширяет сеть.,Google News — расширение бизнеса,https://news.google.com/rss/articles/CBMiowFBVV95cUxOQ21ZRFlnUXlNb0ROVDdpd3hyS1JIVVpLczE1dkI1RldnX2pvNU9QOTJTZ3M3ZkV3VFFNMjJZZGdMUmZTTWRBYWtnOXVWME1ZQUFwUzdGb1c3QlhOVTNUQWxER2lVY3FxX2lmMWZTWGRzZ3lXYkpjbVhuY0IwSXlDLWFrNzZLU1ZPWWowSWRFOUd5M1BRbEgwbkdPTVNxVjlaR3pr0gGiAUFVX3lxTE5qamxLNFQxMnRLdkpVcjZGSmFkMVB6LW96dWlNTE05Tjk4TFpORWJsR2FDV3VjWTV1MkdhWjZYaW11ZnhwRjUwbE9ILW5JM2NJSWktZnBKMDFSLTRVbkJwc3FGYWVPYnJDRWJmOE5HVVd0NXdLU3lGT3NMaTVWMHE0WHBxYnluNE4tSkRYR05Xb2pYbFNzNHRjM2FhUVhFM01ZZw?oc=5,new
2026-06-16T07:00:00+00:00,Qazaq Oil,Qazaq Oil расширяет сеть Keruen Inn: новый отель открылся в Каркаралинске - TengriNews,expansion,25,Найден сигнал «expansion»: расширяет сеть.,Google News — расширение бизнеса,https://news.google.com/rss/articles/CBMiqAFBVV95cUxOcXYtU2p1UldMWS1WRnN4UkNLall0UFNOTE1RcXB0REV4NWFoT2NjQTh6NVl0QjhWQUpYanFhcU1MYVcxaHROMzBQdExSYjhGQlJwY1ExV3B5bWF6a0ZldEF4OUMtbDJoTW9mcUNDallweFpUMHVzUERwZlVPc1UxQ1Z1dHNJODlpQWtqZlZTUmhGc0FNWFAyWXpuZjBRRlNocmFmVVh4dE0?oc=5,new
2026-06-09T07:00:00+00:00,Франция,Франция расширяет сеть морских заповедников в рамках программы ООН по защите Мирового океана - RFI,expansion,25,Найден сигнал «expansion»: расширяет сеть.,Google News — расширение бизнеса,https://news.google.com/rss/articles/CBMijwZBVV95cUxNLXVNdWVoazNTbWJMRlpwZW05NlRSM0ZYaEk4QkVmanNIWFA2QlozQWtpbWdRNlpTTkRadE1DaTRBT3lfTkVUbkYwcVUwSTIxcXBIQm0xb2dWMDhPRVc5UlZtXy1kaUlOazRUNFVXTEtPR3BzVUplQjJ1MTQ2Nnl1bEk2d21BYmVZU2J6ZnYzaDBJT2sxQkE0TWxEam83eUdHNFJMWnVnT2FTTzBRd1BqUW9pZ09BUlZRdlJJVFBVQThRQjZWN25aZTZBbmxRMGQtUkJ0RHV1bUs5bmxKdDJzeUVLTEJMZHJucnlhRW53S2s4N09HWTFLSzU1WVhUSHRIZC1heU1WNDlXOXJwWDFpV09nRDlCYmRiaW41aTJ3MG45MldZQ0RXaDlSRDVWY0g5Z2F5SFZjNVBDVEI4bllaa1pyUlVYdVp6SkVkcF84bnU3UkVMQmoxVGhGT2RHTFBKWE5pOGtsOXVfUU5XR0ozRzNxMmJENGc4UmFVOTg4MmFsempPZEt2aFlQT09qQ0xJdUp4UHNtcUZYaE5hY3ZpUjgtUWtaMHNsTldMSzlZZDFlQUo3c2t5Ym5vS2pVUWFJWktHNGdJRWU0cEx5SUFXMEhieXRKdzdOdko1NDdBZHVwUnpKMm9LQjd5XzBrTGE0akdEX3VDVVprNEZzSTMtcU9DNlN5dE1WS0dyM3NxNmUxMTRMUjJrVDNpd0RMMHVXZnNONzVCV3ZUemY4Q1pwbkJUNk9nRk12NGxoellDMzBHUF8wRkhzSmZHNW1OdUtSbGRzbGxTTnZ6a21CdzJRVnlVMUtDemk0YnRsQjFuWmEyQnYyb0Z2YU01NUVDbTRhUjlqQ2pxbGpDZVFMSEdCZDkzblBjQmJqVjhVZ0tkR25VUkszbm1oLTg2S2x1WHhYWmg3WEgzN0d0WnFlTU4zSm1QX1ZVaXZlUjNlTVdPUTJfWlE1MzRWZkkySGgtcUU2U0hsN1VFTkNQSDVSZUVqNng3MGl4cHpEb3lTSkVHa1kwMy1wSS16YlBxeW00TUU?oc=5,new
2026-05-26T07:00:00+00:00,Казахстанская компания UvU.kz,Казахстанская компания UvU.kz привлекла инвестиции от крупного азербайджанского фонда - DigitalBusiness.kz,funding,25,Найден сигнал «funding»: привлекла инвестиции.,Google News — гранты и инвестиции,https://news.google.com/rss/articles/CBMixwFBVV95cUxONTVlMmxpcnhKZEc2aFc4VW1Wa2pnU2tEZ3pIcEUyTW5jb3JxVGVteHE5WGFJR0tnVDZJRjRLVjBIZDN1TlhYb3ZlQU93clliWTlJaVJEelpmanNTZHhjMXNiSGx3NUhkLXBWVlZsTUp4R1pMU1ZKX2ZjWThCUGZpWTA2Q1VwSm1EZUtaajc0dFUyc2wtbVhweDcweDlJVFVFWTNKTnkxclF2Ums1VTRjLVFLeHRfX0FHR09nZW9aeGd4aFdRT0ZJ0gHMAUFVX3lxTE1LRlNaNE9pMDVGdGQxWU5wNnFuMC1xWkxqTUROZW1waGZNSEhMTzZaaDhncVY3blgzWEZHMTVKbVJrYWlYOHh6dTJKeUZnMkpseXhPbk5SaFZRQm9rUXdSR01UZG9mbENIVUJsdER3X2xUbmQzRjJwQXRtaldxX0xWcG9MUlNGcFgtVWpOUll0WGRROG5xdzdybHU5MjRmSkVBN1lzLWdzX1NscXJseFJRM1owc2stVDk5QlFNd2FwQUZIb2poMEV1aTllTg?oc=5,new
2026-05-26T07:00:00+00:00,Миллионер из списка Forbes,Миллионер из списка Forbes расширяет сеть медицинских клиник в Казахстане - Forbes.kz,expansion,25,Найден сигнал «expansion»: расширяет сеть.,Google News — расширение бизнеса,https://news.google.com/rss/articles/CBMirgFBVV95cUxNMEtVNEhsNkdFQ1pvaWpqWHVsenl4OTNGQTdmUUNBV3JKTk9yM2FoVGtmQ21veWZqcWd3Rnp6aDZhQUpaWE51Sk9MMTBYWndjcmlyQzAtQkRKczQyNDZJeGxzZGEzLUVZempLazZ1N25PZ29mS2Q1QUZWOU9tQTlyTkNId2piOWp5bUZoaHJRcTQwR2tWdk5rQ0JpOWJYU0hmMzh4S05TRGdaZW8yWnc?oc=5,new
2026-05-08T07:00:00+00:00,Стоматология в Комрате,Стоматология в Комрате получила грант ЕС на развитие - nokta.md,funding,25,Найден сигнал «funding»: получила грант.,Google News — гранты и инвестиции,https://news.google.com/rss/articles/CBMifEFVX3lxTFBkbHh5b2diY3YxSkNkMkloaFBkZElrdHhwV0dYSnk4NklwSVQyOGtwaWFIVDExTEQxRmRScE4zZ21IQ0Y1SWdqdTBDZU9jaWkxNEhwQmNkQk5sc1ZxejdWb3dTZ1M0VjlHNkh3VFFZOHp4b2VhR2JYLThBSGY?oc=5,new
2026-04-23T07:00:00+00:00,Росатом,«Росатом» расширяет сеть обучающих мероприятий для травматологов-ортопедов - Атомная энергия 2.0,expansion,25,Найден сигнал «expansion»: расширяет сеть.,Google News — расширение бизнеса,https://news.google.com/rss/articles/CBMiYEFVX3lxTFBkTjEzVXdpSmxWWVpIc0ZBTzhXQXdrX1FOX2xKeDNoNTM2WWt1LU5YZk0ydjFMQUoyYmF2aVEtdXk1MnB1NEpMNlRZLW9rQUY1M2xtcUxlQnlEU2JMdFNGbg?oc=5,new
2026-04-07T07:00:00+00:00,Headway Inc,Headway Inc привлекла инвестиции на ИИ-трансформацию от Horizon Capital. Зачем? Интервью с основателем - Forbes.ua,funding,25,Найден сигнал «funding»: привлекла инвестиции.,Google News — гранты и инвестиции,https://news.google.com/rss/articles/CBMiwAJBVV95cUxPMDg0cDdKSXd5bi1QQjltNUtmYk9xdVZucE1rcW5YZ0NzWjVGX1Ywelp2T05SbC1mVmExbEtERXpyR21IN0tGVTdRQXFYR1g0eHRnM055WHpFNnBMTXc5SnI0blhzTE5qOHNZZGFGOWZqVVJDQ2ZBQThxREU5YmJuWUlsT29pcE5sYU1DNTQ1TW92SXVYZlE0M09CeldJNmp0Mk5kdWtxdlFtYURhS0lhdGFCQl9qZm1jTmUwTnYtSmh6Q1lPZkpQM2pYZ0h1NlNXRy1VWEVoVmlpclYtZWFraUVSM3BuWXNRTnduMEhJVkNkaFV6VVVCb3RjbDBJUFV1MUJ5Q0JzTF9BWTQwMTgzZmM1VEh3SjlpcklsU3VnVHdhNzRaUjB2aXRGRHZEWm9iNTB2dzNzSU5DVGJOMk5TOQ?oc=5,new
2026-03-17T07:00:00+00:00,target=,"43 новых рейса в Тайланд, Мальдивы и Шри-Ланку: Аэрофлот расширяет сеть маршрутов - Tourprom",expansion,25,Найден сигнал «expansion»: расширяет сеть.,Google News — расширение бизнеса,https://news.google.com/rss/articles/CBMiS0FVX3lxTFBXa2xEUE8xN3B2RUw4alRTSzFxQjRFdnhyNGtSemIzQnV6bWp5ZE4tbDVWaEdtTlNXSGJ6SWgtZ2x4LVMtQ0lJcUt3RQ?oc=5,new
2026-03-12T07:00:00+00:00,Life,Life расширяет сеть 4G: с начала года — более 580 секторов по всей стране - Электронный Солигорск,expansion,25,Найден сигнал «expansion»: расширяет сеть.,Google News — расширение бизнеса,https://news.google.com/rss/articles/CBMiwgFBVV95cUxQR0VjcXhwZFZvY055NlVOSFBwaU1MRENaOGdUWmhkV0xBVERPNTJzSEFGQjVoeGoybU1UQVNtY1FOMVF1Slh1T3BKaVBYbHptc0NDMkxRVTBlV1MyX3BvS2t2Qy00ajJST2lXWHFOXzQxNU9QaGRjUk90WHdjTDdyb1pDb1RnanZfaHJxYUdwRVdjWExZcE9jbkZDMFVna09ZSWwzOEVqTnQ0N3hUNXVldEc0c3pUbVgyd2hyT0ZHZHgzdw?oc=5,new
2026-03-09T07:00:00+00:00,WB Travel,WB Travel расширяет сеть отелей в Турции - hoteliernews.ru,expansion,25,Найден сигнал «expansion»: расширяет сеть.,Google News — расширение бизнеса,https://news.google.com/rss/articles/CBMidkFVX3lxTE9Xa2VzS2NaVGFkOThoNGUzM2d2Q2pTeFRkbXRhWC16R1hIaWxvTHlKa0hNdENuNEg1aFhpVFA0eUkzQlhFNUdnS240T3JnOUdPMmVOSFFjei1iZFpkNEFPTVE5WHJNZ3hCSzBkRGlrYWhXMVc2WlE?oc=5,new
2026-03-05T08:00:00+00:00,МегаФон Таджикистан,"Плюс 11: «МегаФон Таджикистан» расширяет сеть офисов обслуживания абонентов - АМИТ ""Ховар""",expansion,25,Найден сигнал «expansion»: расширяет сеть.,Google News — расширение бизнеса,https://news.google.com/rss/articles/CBMirAFBVV95cUxPcnpBVHJEdnlJNzN1cFZSSHhBVXF2aUNEbGZRVFZvTHlZSkxOUHVSMmRZM1RobmJkbnc4THhLU0FwTW4tWkNfTmVCeE9Vbk9WZjRhekwzY0J0X3JKek95Z3F1aEJVR21jbW1Ld1lhVjJWOHRZTlhoSFdXZFlzaUs4YzBERjdzblIwMHV1alFSRS1QbVlXNkZrQWMwN2FvUWlfVVVuTDRXV3Nha0FP?oc=5,new
2026-02-26T08:00:00+00:00,Uzum Bank,Uzum Bank расширяет сеть банкоматов по всей стране - Kursiv Media Казахстан: последние новости Казахстана и мира,expansion,25,Найден сигнал «expansion»: расширяет сеть.,Google News — расширение бизнеса,https://news.google.com/rss/articles/CBMikAFBVV95cUxPWWItQklEOGQxeWR4eHhHLUFWMkFUVmdjQ2p5TXBoQVAyOWRUMko0Q3VMVnI3ODFSamt2MTBIYlY0a2xMV1JGNWd4cm9Dazc1YzgweUg5dmdIZk9kOVZNTW80SVJ6WnBIblpmWFFVU1hqY1NTTHpPTXJoNkFfOEEwVDBfdTlwa2NUbnFPR0I1NjTSAZYBQVVfeXFMT0VWSW5mQ25QOHFwTHFuNThONGRyNFhaeno2d1pfZTF1QTlzSTlPbk5nZ2tNUERwbkhOM1gtVVdyLV9jaVVhTXhNZUNZOF9ES01xdUJVWFNHUmpKalM2NTN0UXoyUWRQNmxLTndVWktMdEJpNzBfNXA0UHhZTmhYZVlwcjJhN0xGLUtQSzA1RHUxLWZHdkZB?oc=5,new
2026-01-22T08:00:00+00:00,"Sky Hunter, создавшая приложение для наведения дронов","Компания Sky Hunter, создавшая приложение для наведения дронов, привлекла инвестиции - LIGA.net",funding,25,Найден сигнал «funding»: привлекла инвестиции.,Google News — гранты и инвестиции,https://news.google.com/rss/articles/CBMixgFBVV95cUxNYnVIRVpHRXM4ZEpaYXFwN1d5MFhQMjI3MGFoWXNtU0NFMHk2Q2hDcGJKZHRERnEyUTRFQWJaMFlIa1ZkMHhOYmpGZzRGVzZqTm5vWmhhN2hCUW1rZ3J1VWJzRmZicjNLR0R3SENkYjVCOWVPbDlmUnJrcEdVV3MtVzNRdGNOeHhpRl9ZRXVqckJ3OGpCWmdWaFhrRlBsclRmTTNYZHhsWnE0YU9jWjl6V2JZTVhhY01WbGQ3Ym41SGFqVzUzVHc?oc=5,new
2026-01-06T04:25:11+00:00,Turkish Airlines,Turkish Airlines расширяет сеть маршрутов из Стамбула - Turkmenportal.com,expansion,25,Найден сигнал «expansion»: расширяет сеть.,Google News — расширение бизнеса,https://news.google.com/rss/articles/CBMitwFBVV95cUxPUTVMQ3pSRzJIaEhFWmJmNU95NmRteWpMR3AzRmFqN2hyOTBXcXlzRzc3YXpGekRPVG1xektVTHNyek5FbFFweHhrai10bTJqeG5FQzNFZVIybUxDY21JX0N1cVZmU0pfaG51U0Y4dUFVZFRDcXJ1RXFzY0NfbTlTREl0b0FFNTJvcDVwVVd1ZVN1TUp6czNOSGhTcG5KdEZ5dnlBQzNVY3RXSWVDQXhhcWlRdldMYm8?oc=5,new
2025-12-22T08:00:00+00:00,Александр Ванюшкин: ВТБ,Александр Ванюшкин: ВТБ расширяет сеть и делает акцент на персональный подход - DK.RU,expansion,25,Найден сигнал «expansion»: расширяет сеть.,Google News — расширение бизнеса,https://news.google.com/rss/articles/CBMiUkFVX3lxTE1QWjZDcjFWNTZmZXBraEJhRGVzdE0zUHUtY1NlZHFjMEFZZjZpYVRPV1RwZmgwQko1ekg1eXFmQjlwbXRJU0lPT0RxeGtmY0ZKdFHSAVdBVV95cUxOdU40QngzTEMyNHVqUl9zV3YwVWwwRHJNV1c1aEZFNDRVVHh2bThwa2ZqOTljZnAybDg4a3lWX0g1OGFoN3dZU2tEbmRINW9ra0ZpX1dRTGM?oc=5,new
2025-12-10T08:00:00+00:00,Castelion,Компания Castelion привлекла инвестиции для производства гиперзвуковых ракет - Armiya.az,funding,25,Найден сигнал «funding»: привлекла инвестиции.,Google News — гранты и инвестиции,https://news.google.com/rss/articles/CBMiR0FVX3lxTE5EVEtOX3V0dDRucDBfUzAzUFVoS3R1QnlvUHBLM0dfSmFkVjZfNlhoZjFVaDJUUnNyQ1p4X0xpMGZmN2s4eTgw?oc=5,new
2025-12-02T08:00:00+00:00,Street Beat,Street Beat расширяет сеть с детской секцией - profashion.ru,expansion,25,Найден сигнал «expansion»: расширяет сеть.,Google News — расширение бизнеса,https://news.google.com/rss/articles/CBMif0FVX3lxTFBTblBtaUljTmpxeWFFRUZWQ0xRWlhaRUZkWkt0ZVRVS0FOMzl6emo1Wkk2VkNTZHA0TVNodlJCeUx5MVExOEpyd1BGQjFtVDZTOS1xUVFTRlJpVzA1V2hMQ0J4Y0JEMklTckJNR0JqeC1QbFU1S19zT3JmbVdHc2c?oc=5,new
2025-10-01T07:00:00+00:00,ВТБ,ВТБ расширяет сеть отделений в Ленинградской области - spbdnevnik.ru,expansion,25,Найден сигнал «expansion»: расширяет сеть.,Google News — расширение бизнеса,https://news.google.com/rss/articles/CBMilgFBVV95cUxNZ2k2d3hOblo3TlBTTUIxbkkwQ1BrM2VHV3BMWjZhLWxfcEI5ajNzeklBZ0Etb2lwZjRucDhzSVgxQVotbGFTM2VtbU5rNm5na21YV0F1aF9ESGY4NjUxbzUxMzJkNERKR3RYeG51QVg3YmdXMzBhUVlnSDd4aGJqaEJuenFJVi1CNFRjeGxPY2VMZ2t4WGc?oc=5,new
2025-09-26T07:00:00+00:00,Beeline,Beeline расширяет сеть в Восточном Казахстане: быстрый интернет в Усть-Каменогорске и Риддере - Риддерский городской портал,expansion,25,Найден сигнал «expansion»: расширяет сеть.,Google News — расширение бизнеса,https://news.google.com/rss/articles/CBMiywFBVV95cUxNcnYwRWZhd054Y05vY3BkWDRWRk9SUjZyYWVjZC1YbVpVcDVGTnpmMHA1SE5WZEdldWVGSTBiSnh0VUFGcjJjdHZ5cWwtT1ZxVDFlRmF6c0VmTHB4UlB2MjFHUjJPRWcxY0Q3TzJXaWhuNFFCOE1kd25nYjNILTJxYVlEYmlvWVdrNk9keG1oVlpEbWk0Qzloem9reGltc3pfZ0dpSDQ4dWloaXJoeExqSjY4d3prMS03eVVlVldnSUVBNEdnRHpUMm5VZw?oc=5,new
2025-05-22T07:00:00+00:00,AT&T,AT&T расширяет сеть за счет активов Lumen – Публикации - Finversia,expansion,25,Найден сигнал «expansion»: расширяет сеть.,Google News — расширение бизнеса,https://news.google.com/rss/articles/CBMikAFBVV95cUxPZjVFd1UtZkNPc1FyM2VZcU12ZW93YXBGMzdSV3V3c2JBb0hQWlFtWnBvUG5jaGdTM3A4ZG9qXzBPalB4dDBpMEV5aE0yZUJSNml1SnBpbnZlN2Z4bmExeWNEUm9yMXRhMlVPNmpZbmgzUjU0RFVuUGdBOFNDRm43d3ozb1RLX3diTlRtXzRHb0c?oc=5,new
2024-12-06T08:00:00+00:00,Home Credit Bank,Home Credit Bank расширяет сеть отделений в Алматы - lsm.kz,expansion,25,Найден сигнал «expansion»: расширяет сеть.,Google News — расширение бизнеса,https://news.google.com/rss/articles/CBMidEFVX3lxTE1tUk9hZXdIUW1WTndBRXN4cV9WNmpIQ3dnR09uenV3YjRrX01nNEFKNFl6aTRxR3BUVHY2RGVMRmRILWRqUnBuRDljaWo3ZTl6WFI4cFphVS1OanhFZnBxRE80ay1KQ3pmRElQVjQ1czJXQ0JS?oc=5,new
2024-11-27T08:00:00+00:00,Точка А,Компания «Точка А» получила грант за разработку уникального диспергента для ликвидации морских разливов нефти - Медиапалуба,funding,25,Найден сигнал «funding»: получила грант.,Google News — гранты и инвестиции,https://news.google.com/rss/articles/CBMiR0FVX3lxTE4yVVhwX2F4ekd2WVl6RDkzbHJmUXVlNGt2OU9IcTZWbEdFS3ZCcHY4ZFQ5RTJDd0JSVXlnMHNlMkszblAxU1dn?oc=5,new
2024-10-03T07:00:00+00:00,Bakai Bank,Bakai Bank расширяет сеть круглосуточных зон самообслуживания - 24.KG,expansion,25,Найден сигнал «expansion»: расширяет сеть.,Google News — расширение бизнеса,https://news.google.com/rss/articles/CBMioAFBVV95cUxPU0hYQ2dlZy1TZU9BWDJfN3VhQWc2cHotalNPOEtZb3RMZFlpNGFpQVpiT1ZIZFFCaDBPYTZaOURQa2kydXdzNzFoQy1jcWp3Z3NBYThCOUY1QjVXQzZ5dng0OU43aXU4dEVjVHRLRGdZSGpqNDJ0Qzgzd1dVNGVrdFh6aEE0d2NOWENVazZZNTRkSzJlMVFMNlA1OEZSV2o50gGmAUFVX3lxTE5zTVNxd0RwSXBobTBGUXJyNDFuSU5WRy1famJGMGRmeWwzWE5keFFzdVVsYTFRQksxNFdPSHk1dUxYd2loOHBRalZXQ3VBaWstUzFTc0ZzS0t2X2FJTWRrbmJQa0otSk03TjVTc1p0ekluSzgxOTItU1ZVVURyT0phcWtRZGJNVE1FZTV2ZUZDel9tWHVMckNEZTlqRjhLeWVSWWdtS0E?oc=5,new
2024-06-06T07:00:00+00:00,Некс-Т,Компания «Некс-Т» привлекла инвестиции для производства LCD-матриц под брендом NexTouch - BFM.ru,funding,25,Найден сигнал «funding»: привлекла инвестиции.,Google News — гранты и инвестиции,https://news.google.com/rss/articles/CBMiXEFVX3lxTE9qREF6ZktRQ09UU3Y0cGQwZUNxTTB1VXhRQ2E5aUN1NFNxWW1MdFpibkZjU1I3OG5oUGswQTVqb2JySzVzd1NQUVZjUzlGS2xUN014TmdkeVhsblZW0gFKQVVfeXFMUFVsWkR6azU4eTNCeEVxXzBPYm5rd1lkd2dheF82QzN3ZlNIME5jeDI4UWFjSGpzTmREZy14dDhfdlFKRkhLQmNCaFE?oc=5,new
2024-05-03T07:00:00+00:00,Street Beat,Street Beat расширяет сеть в Санкт-Петербурге - profashion.ru,expansion,25,Найден сигнал «expansion»: расширяет сеть.,Google News — расширение бизнеса,https://news.google.com/rss/articles/CBMijgFBVV95cUxQYlYtTEVNX0N0S1NsbnF1eEJtaFBTUVNBSkFKRVo5eHNMSGx2ZFJGbmYySUtMNXJDeDNQT2t5R0ZvMGpjS0hrQW4tVFNKYXdubFZyNDhCd0VjWTNfQk5BbXVwNk56UFF2amd4NTU4aEtJWEprdkY3aUMyM00tQ21NUC1EcDBaUWFTa01VQ1hR?oc=5,new
2024-04-29T07:00:00+00:00,Fozzy Group,Fozzy Group расширяет сеть: где появятся новые магазины - PaySpace Magazine,expansion,25,Найден сигнал «expansion»: расширяет сеть.,Google News — расширение бизнеса,https://news.google.com/rss/articles/CBMimgFBVV95cUxOSG01R01temJjQ1I5VTJQUVBUcmdJbWE5NXdZdTVOYm56MlJ4WkloRUp5bVlXM3RTZmotc2MyRHpncjhVb0VUMzJLY01WY2pxNFhycE9vUG5TRFVLOXJLbm9QSVFzOGdSTjFid0J6OVhFMnBYZVREZG54ZGpmTzBCbVg4T2ZuLVhYRzBRcktsbE96eHRNQk1jZ29n?oc=5,new
2023-12-15T08:00:00+00:00,Керемет Банк,«Керемет Банк» расширяет сеть обслуживания клиентов - 24.KG,expansion,25,Найден сигнал «expansion»: расширяет сеть.,Google News — расширение бизнеса,https://news.google.com/rss/articles/CBMijgFBVV95cUxOUDFCMi1nWkI0RmZDSnRjTFZGZVU0NzVjMVIta1JpTnJleTZMdDQyVG5uZlhMVGxxODlKY1pzLWZjakJ3NzJTUXhLTExPQUlPZHlvc3NZRTczUkE4ZW13dXZGcTM0Zkh6UnRjOEduYzNuTkc0R2VJMXVtanRrS1VCZ1ZFYkVMTTJwSU16dXd30gGTAUFVX3lxTE5qTlhlS1RQV3dwWWdhMEtRaG5FMVAzNnVJVkpHTkNqWnNqY2VWMzc4X2lvd0dESlFjeHU2d1V6MUQ0RzcxcFVrYWVoTm5vT3d0eFZHZlNuYUdtRGtuSERfcDNRS2NvM1h5YkRLSGk4ZzN1aGV1d3dJNXM5Z3RCazFwRlR6NGpnY29JaTk2WWpXSGZKRQ?oc=5,new
2023-11-07T08:00:00+00:00,X-Energy,Стартап X-Energy получил грант от Минэнерго США на дальнейшую разработку транспортабельного 3-5-мегаваттного микрореактора - Атомная энергия 2.0,funding,25,Найден сигнал «funding»: получил грант.,Google News — гранты и инвестиции,https://news.google.com/rss/articles/CBMiYEFVX3lxTE5FV054SGhvNi1pZHVvM1o1WnVtY09xeVdqYkpfUTQ1SHZ0REFWSnpBR1dQQk9lRTYzUHU4emRrdUlucGs0eElJSG5LbzBtMzFjeTNHbG9uQjh6STlRNkpGRg?oc=5,new
2023-10-24T07:00:00+00:00,Актив Банк,Актив Банк расширяет сеть своих операционных подразделений - Азия-Плюс,expansion,25,Найден сигнал «expansion»: расширяет сеть.,Google News — расширение бизнеса,https://news.google.com/rss/articles/CBMimgFBVV95cUxQSEJYSVl2YlhzaFNHdS1RdGlSRm1WaXpHa2JwWWo1b2NLS1k1bFB5NGdIQVhva0xyc0tod0V6NUUwcUlvR3A0azNVanFfN0hyWERhMVh3UWVFNFJxV3ZNNkZiWm9LM1pjN1ZuaTBrRE9Id1hWdGV2MHAtX182b0lLNWw3VGJsd19ad29WY21GWjAzYU5UeEZ4ajZ3?oc=5,new
2023-08-10T07:00:00+00:00,Mycar.kz,Mycar.kz расширяет сеть франшиз в южном регионе Казахстана: 10 августа 2023 09:02 - TengriNews,expansion,25,Найден сигнал «expansion»: расширяет сеть.,Google News — расширение бизнеса,https://news.google.com/rss/articles/CBMiqgFBVV95cUxPM05aQWROcG1tY3RXUHp1MVB4SnMxZWxUeS1mRTFmVk4tZTA0NUw5QnlTdDNXYmdjeV9WRkxDZmVLN2RrR3R0NDJjbk1weHJvSm1SWnJSTDZ4NWhHZHBmdDlsT0tNcUwwTzdoV1QwNV9zRUJOMmtLLTcyT3JKNEVrRmFOQ2JMb3k3d2F5aUxHMlJyU3VBZE5OUXRZWG44azZaSVkwMDlZUjJrQQ?oc=5,new
2023-03-11T08:00:00+00:00,Татьяна Навка,"Татьяна Навка получила грант в размере свыше 25 млн рублей, а Плющенко и Авербуху в поддержке отказали - Аргументы Недели",funding,25,Найден сигнал «funding»: получила грант.,Google News — гранты и инвестиции,https://news.google.com/rss/articles/CBMiVkFVX3lxTE1fLWVOWTFDdE90eVpOeDZTZWh4TkhCbmFwb2hxMEswMldhYnprQlAzZ0RLRHkwMWN3SldJeC1OWTVZWEVid3NVNkNHVEF0dUdsbmpEVTdB?oc=5,new
2021-12-20T08:00:00+00:00,Мобильный оператор О!,Мобильный оператор О! расширяет сеть к новогодним праздникам - 24.KG,expansion,25,Найден сигнал «expansion»: расширяет сеть.,Google News — расширение бизнеса,https://news.google.com/rss/articles/CBMilwFBVV95cUxPalF2OTZSWEtMcXppRHFQV2JJa2FmUzBWZUItR25LWWtEUWJPc0tFODlyZHVpTFBSczFPeDY5akxsc0ZFWlpVaFpTM3hhdUs5NHhWVEtOQlliMkV6RFRpUVFBZEcwSTNERnhnQnFrZVNjZlhGREpKVjZTS2lVV2RZNDQxQV9nSXp0QmVEN2F3dTFtWHpSOWo40gGcAUFVX3lxTE9PdGlfWDE3b05YaENtaFQ5eUp0OFEzN0xuMGFtMS1FdE5TUVE2UlB5V3FEYlNSbkhmVWt0eklSNi1wUFF4OWRpeTFOWm9LSDRhNTFJU0xNenJTVTVVNW1LN1JBYktqblV3LXJTRTRQQjV5OW8yQk8wWjREeHd0QzdKYXNGdFVwdDhyREJMZ0VQdGV4VXNya1ZZME1uSA?oc=5,new
2020-07-06T07:00:00+00:00,SPRING PR,SPRING PR расширяет сеть международного сотрудничества - Banks.am,expansion,25,Найден сигнал «expansion»: расширяет сеть.,Google News — расширение бизнеса,https://news.google.com/rss/articles/CBMiUEFVX3lxTFA0SDIxb01paGY4b283Z1RWT0hZZF9QOU5ORlJlRG1XcGpINFd6aUtBQmJ2c3N4YXU3dGlWZENMS0o1X2JYVnhkV0FHUllZeVlt?oc=5,new
2020-07-01T07:00:00+00:00,АгромашХолдингKZ,"""АгромашХолдингKZ"" расширяет сеть сервисных центров по обслуживанию с/х техники - Inbusiness.kz",expansion,25,Найден сигнал «expansion»: расширяет сеть.,Google News — расширение бизнеса,https://news.google.com/rss/articles/CBMisAFBVV95cUxPYV9XVVlWU1ZrVmxkR2Jwd0ZidjBIUU1pX1Z0Vk5ONE41QkwwQTZxR2lrZHlRUUlQdktQU0tNUXFsN0EzSzdYZ2ZBTUxkTHFuYzBpdlN5WGdiUzRrOHViYmg4Z3Q5SUVqSWRfRUhzSHI3Y2M3cV94ckVHZzA0RVRxWW91QWt5WXV5QzI0bldxR01NS0c3R2VoOHpwOFNGWWJMOEdnamNDTzZIbl9scTJ1Ug?oc=5,new
2020-05-14T07:00:00+00:00,s.Oliver Shoes,s.Oliver Shoes расширяет сеть магазинов в России - profashion.ru,expansion,25,Найден сигнал «expansion»: расширяет сеть.,Google News — расширение бизнеса,https://news.google.com/rss/articles/CBMikgFBVV95cUxPdDVvYTZfenFBS0EtR1NEY1I1VERIdy1YbjFSVWVzYTdoNnV3dFdwOXFXanctbGMyQklxSTRtcm41TWwwSkdmVTFtb29vRzloVzg4dk9UY0RDckxVLUxvekUzT1g4blc4czZzblExUi1ERndQWWhGbUl5a2JPSzZ5T1g0OGlDVGhfOTNhQVA1RzBiZw?oc=5,new
2019-12-13T08:00:00+00:00,Газпромбанк,Газпромбанк расширяет сеть офисов в Московской области - ОИНФО,expansion,25,Найден сигнал «expansion»: расширяет сеть.,Google News — расширение бизнеса,https://news.google.com/rss/articles/CBMiRkFVX3lxTE9oeHFsRzNLeFYweUNqbF9zTGhEaUZyYklJcDNIeUZRUjJLaUZuc1FzWTVIb3VjeV83OUtUTFRhX2VkbTJVUHc?oc=5,new
2019-04-30T07:00:00+00:00,Street Beat,Street Beat расширяет сеть - profashion.ru,expansion,25,Найден сигнал «expansion»: расширяет сеть.,Google News — расширение бизнеса,https://news.google.com/rss/articles/CBMidEFVX3lxTE9QOHZieGF2SzJ3QS1CQldjT2Z4QU11dFNxS0Q0Ym52ZWtzcWQ1ZFlBMFV5VUxLSXlRUDN5UDA0Y1hKMEEwWVpoRXJrb051eHVUUGJSaFZ5NEdpUkF6U0hlTWxHSVJuNnhoX0JSX0VYV2V0NU1K?oc=5,new
2018-08-24T07:00:00+00:00,Самый SOK: миллиардер Игорь Рыбаков,Самый SOK: миллиардер Игорь Рыбаков расширяет сеть коворкингов - Forbes.ru,expansion,25,Найден сигнал «expansion»: расширяет сеть.,Google News — расширение бизнеса,https://news.google.com/rss/articles/CBMipAFBVV95cUxOWFhncUdJRkpLNnlmTVNGZTVTaVU0ZksyTEgtaUVPVkpXZUxrWElac3JnM0xoMVpyQWFZS0ZnaWhHTURhd1h3RXFTT1F0ak5lbzJOWE1Kc1hDaXY4MUgxc1dGNm9wREVWNDBvU1BRbllFZVNRLUYzM1RxZnRrSzdkZUI3TDBkTF8xalZfdDFIUWdFaks5U1ZVcnUtZ0FxaFN1WEEtMw?oc=5,new
2017-11-01T07:00:00+00:00,МТБанк,МТБанк расширяет сеть продаж мобильных терминалов - Новости Беларуси | БелТА,expansion,25,Найден сигнал «expansion»: расширяет сеть.,Google News — расширение бизнеса,https://news.google.com/rss/articles/CBMipgFBVV95cUxONVNKUGFuM1M3LWlnOHhUb1ZfVWpWaXA0Y3dfVmlwQlRtSEU4ZFlzcks3bXg2N1oxM3BLTDJfNmRrbXFGQnZ5bkhxcXNkLTNCWlk4N3ktbGlMTFktTDZxU01uNnJ4QmtwN3o2eG5GX0NkelRkV0dQbVhDTG8ybjZJaFNZQm9WTHVvTVBWcFNrT1NRQUFBb3FJZTVpRlUyX0lvUDBHeEVn?oc=5,new
2013-05-13T07:00:00+00:00,Банк Эсхата,«Банк Эсхата» расширяет сеть своих банкоматов - Азия-Плюс,expansion,25,Найден сигнал «expansion»: расширяет сеть.,Google News — расширение бизнеса,https://news.google.com/rss/articles/CBMihAFBVV95cUxNWmM5OW4xckxXUTRhX1M0emhJRlRDaVowYU5qSmhXY2pNUmJnU285eGhCZ3JGUGRPMUFta3Y1UldTa3JZX2lhQjR3bnp2dVpCekVrQ0Q0dkd4c0JlTjdJR19KemFBdG9WN2RsNHk4OEtqbzVSTmFMT29PNVJRYjJtVF8wWU4?oc=5,new
2026-07-09T10:43:42+00:00,Лерчек,Лерчек запустила новый бренд одежды - Новости дом 2 на 6 дней раньше эфира,new_business,20,Найден сигнал «new_business»: новый бренд.,Google News — новые российские бренды,https://news.google.com/rss/articles/CBMibkFVX3lxTFBDZVFKSGp6Yi1SQkZZZjFNeUZnR1JPcEhTb0NKXzlPVV9EaUNVV1N3QWliVWYwWmhzNzhpaWhQRk5Wc19GQS11MzNuRkJYQ3hlRVp4R2YzVncyNG5ETXl5ZFRjODRNNTZYSHlqZy1n?oc=5,new
2026-05-28T10:35:49+00:00,М.Видео,«М.Видео» запустила франшизу ПВЗ - BuyBrand,franchise,20,Найден сигнал «franchise»: запустила франшизу.,Google News — франшизы,https://news.google.com/rss/articles/CBMiakFVX3lxTFBQY2xnZ0ZIMUpzZjYwQnoyZzBLYkxXeFExajFnc3NUSTF0Y05XeDByT1dHVDg4dE01YUNQVlZrX1lWZTVLYzNyRkxSaVhpeXJCNWxYUFBrSXk1aGhsdnNncl92aUN6VmUwblE?oc=5,new
2026-04-25T07:00:00+00:00,Онкобольная Лерчек,"Онкобольная Лерчек запустила новый бренд косметики, а Киркоров показал кукольные копии Пугачевой: новости из мира шоу-бизнеса - YA62.ru",new_business,20,Найден сигнал «new_business»: новый бренд.,Google News — новые российские бренды,https://news.google.com/rss/articles/CBMiZkFVX3lxTE1kYWxkeWRoRFY4ZXZMRFdBRHQ0aGY4M1FOODNUelkxaC1TanpQWEl6Y2otT0lJTU9VbmxjZEY1TVBHb1VQcnhpVGV4aU9uMUMtWnJ1eDVEVVBDRW9oTEp5UEhyOUJJQQ?oc=5,new
2026-04-22T07:00:00+00:00,Даже если меня не будет,"""Даже если меня не будет"": Лерчек запустила новый бренд косметики - Tochka.by",new_business,20,Найден сигнал «new_business»: новый бренд.,Google News — новые российские бренды,https://news.google.com/rss/articles/CBMipgFBVV95cUxQVVc5SDFmbW0xTmJLckVlRWd0bmtYSXhKS29pVXB1ZlF3cTY1dnpJak5aSzJQR2FrLWRVOEJWbjViaHh6alFJdThtNHJsX2U0X2FYT2JQaTJJX2pTV2lxb1pRcVRzWnZQcHRDc0hrc0FTWlBGR3puVVZZTjl3Q1RYLURUTVRZeUtsM3Zic3B0TUo5R3Z2SlBxeVRTNXBSMkpDY0daMHBB?oc=5,new
2026-04-22T07:00:00+00:00,Блогер Лерчек,Блогер Лерчек запустила новый бренд косметики - Forbes.ru,new_business,20,Найден сигнал «new_business»: новый бренд.,Google News — новые российские бренды,https://news.google.com/rss/articles/CBMijgFBVV95cUxObWZBSU03ZGlURXQwZVl3eDhhdmxyUG9uN1JNel9HZzhIbkRfN3JDcXhtMXFPTWpFT2dmZElRc1pkSmU0ZGczOWsxTW1zajdwM0pEZ3lHZkI4YmtNWU54SWd0TVZ4ZFlWOWtUTkJjSWJpN1BueGFZWmRtckI4NlBMU29NRHF0dEIxN0lkLVV3?oc=5,new
2026-04-21T07:00:00+00:00,Лерчек последние новости: больная раком Валерия Чекалина,Лерчек последние новости: больная раком Валерия Чекалина запустила новый бренд. Фотосессия без волос и душераздирающая речь - БлокнотРУ - Лерчек последние новости. Лерчик последние новости. Лерчек. Лерчик. Лерчек последние нов - Блокнот Россия,new_business,20,Найден сигнал «new_business»: новый бренд.,Google News — новые российские бренды,https://news.google.com/rss/articles/CBMi2AFBVV95cUxPMlNxVGxJTi1MOVNfTWtEdWhQS0QzX1JkQXg5S3BiTGJVLVJnb1lMM0ZCVFk3UWJIM2lWcjVxQjNGRTZXbWhVaW1pQmEtSENYUDZaX3dVd29NMmJST25NazdqNUVmV3BwWjh0aDhHRjllQUtwMGc5U2FWNjNyNkg5MkpycU5ucXR1ZHRNR0xfYVJqNEk5NTJ1Zkd5Qm1MZkNPNnJ5T0pycTEzMUlib3JUQUZYXzFITEJRT21hWUhyb2ZRRGN0Nl9jMWdiMXdtSFVBUGVndGJhRDY?oc=5,new
2026-04-21T07:00:00+00:00,Онкобольная Лерчек,Онкобольная Лерчек запустила новый бренд косметики - radio1.ru,new_business,20,Найден сигнал «new_business»: новый бренд.,Google News — новые российские бренды,https://news.google.com/rss/articles/CBMikAFBVV95cUxQUFdmeHJxajdvSmtkZHhRa3RFSTgtUHpaMTlxall4MnlUMHdqT3h2bGxfOEJ5WlBKcThuNi1fbGRWUGlyUURZRl9ZTnV2OTBkZTdCcGpVWGVfcE9CbVhoM21uYmU4YkpkdnNJZzl3aTluWThFUHlkMzlKNlpPbXQ0ZkQ2S3JTSTRRSUZLei02X3Y?oc=5,new
2026-04-14T07:00:00+00:00,Yudashkin,Yudashkin запустил новый бренд одежды для повседневной жизни - profashion.ru,new_business,20,Найден сигнал «new_business»: новый бренд.,Google News — новые российские бренды,https://news.google.com/rss/articles/CBMimAFBVV95cUxOTGFmV3Z5RTFyTm5OM1Q2UVZRUkdIbEd1MUdmSEUzbk9aU1NLT0xFV01rUXI1M3J2QWtpWUhBaXZ5QVd1VW8ta2cxTUxpTWxIU2ZPT21XNnlMeDRyOEZzWTY4RlJGQzRCWWNVSFZsdDJxS2xrbGtSaC1qQWJwREFoTVdxenpTUnNIMVVPLU9ZdERQU3hrMmlTQg?oc=5,new
2026-04-14T07:00:00+00:00,target=,Новая франшиза по God of War с Фэй обрастает слухами - Igromania.ru,franchise,20,Найден сигнал «franchise»: франшиза.,Google News — франшизы,https://news.google.com/rss/articles/CBMizAFBVV95cUxOejE0Tkc1Y1IyMVJtb0Jpbnk3WFc2MXZMZUk1MFFVVURQMG56U2d0elNhOTJJbWwwbF9LZzVvV0M0ZjJsLU80WXFGODRwT2phSDFYbVEwak9INjZYQTVUTXhlSUt2TWJXT0VWSEM0QXpzVUZKSV8zSWJwNWxhRG9LX0pKaTM4WEYxSFBzSVNZdEVCRFYxUXJ4UUlsM09yenM5OTVjNWZGbTlHbl9jV1FfZklVNnZIUVFyMF9rNGtEaVdnZDF3VWppa2Z6eHo?oc=5,new
2026-04-05T07:00:00+00:00,Игровая индустрия нуждается в абсолютно новых франшизах,"Бен Старр: ""Игровая индустрия нуждается в абсолютно новых франшизах"" - GoHa.Ru",franchise,20,Найден сигнал «franchise»: франшиза.,Google News — франшизы,https://news.google.com/rss/articles/CBMinwFBVV95cUxOYzdfWUwtSkRDOGhlY25DTlJZRHdRWm1pem9tZTZDVFNQcFctT0hMQ2VJRTJYaXk4ZnRVekwtREV2NmJEcG9pUFpoZFJKODRlT3NlVFNYZUV5cUt1dmQ5TlY3SWdqcTh0ZVJaZWJaMmota21hM0ZrZGNZamhBNmtIN05HdUFwM201UlpYbzZtZUNHbThiQTVZamp6NVNLY0U?oc=5,new
2026-04-03T07:00:00+00:00,target=,В России запущена франшиза детских магазинов от китайского аналога H&M - Forbes.ru,franchise,20,Найден сигнал «franchise»: франшиза.,Google News — франшизы,https://news.google.com/rss/articles/CBMitAFBVV95cUxOYjN6UkpOUS01OFFWZ2tsUF9vbC0xdFZ6QnpzSU9wZ2NMSXRPODBUQ1RucFlBazlaUWt4bUkzMzRFVFNKVU9mTE5OZlZES0s5SFlaMXN6blB2YUlDN001eGptMzR5d3JPMGppUU1VVEhTSkExQXRNdTVRRGUzMzZYS3lscS15RXNFWW5kaDJCNkhDSWJ0RWVKaWxlbjFNdnNCM2dLaVJRbFFQTEZma0ZhNWNGTEU?oc=5,new
2026-03-24T07:00:00+00:00,Сделали все с нуля,«Сделали все с нуля»: онкобольная Лерчек запустит новый бренд - REGIONS.ru,new_business,20,Найден сигнал «new_business»: новый бренд.,Google News — новые российские бренды,https://news.google.com/rss/articles/CBMikAFBVV95cUxQOGdiVnM2QnNQWm9ONC1MRnpJOTRucVpsUUNRa3d0Y0VjQWpxdi1OOTEzSEd1a01FS3p0WmZSSTItc05Lb0xkS0FwQm1HdlEtcGxSZC1ybUZJYUxmTlZsQXFrOXk0LXdDXzdPMkswd1NGMHd6U28xZVZTYVB6RmtlaDEySmp5a0llT0d1OWJJdUc?oc=5,new
2026-03-20T07:00:00+00:00,Автоваз,Автоваз запустил новый бренд SKM с моделью М7 - РИА Твои Новости,new_business,20,Найден сигнал «new_business»: новый бренд.,Google News — новые российские бренды,https://news.google.com/rss/articles/CBMiR0FVX3lxTE1zQ2c1V1A4RFVtWlVtMF96TnBnTmItZTBIOXZ5bWxfY0lpc2JGME1CemRSWmZJTThXQ3luQjN3UVpFMGFOSzJj?oc=5,new
2026-03-02T08:00:00+00:00,target=,Инсайдер: во вселенной God of War появится новая франшиза с женой Кратоса в качестве главного героя - Gagadget.com,franchise,20,Найден сигнал «franchise»: франшиза.,Google News — франшизы,https://news.google.com/rss/articles/CBMi0wFBVV95cUxONmZySVVEVXZueVJaTzdFNmhGNTNIS2lLZzBodGEtbXJDdDNkNjUwRXU3VmJiZ1I3bm1DUGdHTFF2YjRReVg5TmJfOFl1dVlfT2lqbUhNc3hDSmlWbXZ6UGJtdEtaV3YxUlN1UTZIdlRPRjBFTDRwc09ONklndFI3Vk9wWXpiNHBqY1IwZFNFVDJTMWxrYVBWN0ZLc2F1TlBSbXQxYXI4ZWRPUHpmS19KMXFUcHRkMjduYTM0QkdlMndtTWFlczFnZXNmb1NidktNUldR0gHYAUFVX3lxTE0xVi1jaS1kR09FVlFWcFBCVDc2aW44cnRQSFFuWFlxX21MWEdxTWxLZWZZZzdvazA5RzhhS2tqYlhTd3A3NWJiQlRiRlg2WVc4cnY1YzRVZUxqZjRtMFYwbnZjX19xaVplajg3ekFwWWpPT2Z2R0prRmpKOGJjNk1KcHhkRmhWU0dxVFpCb3VQSHc3M1A3X01vTjRpRHRnYWYtTV9Xdkt1bzNnS3NRb0Y2WWhFX1hqT2pLc3RJTVZaSFY4SnZzekhIcFhaRHpnTkhCOThnMXRXNw?oc=5,new
2026-03-02T08:00:00+00:00,Шеринг электровелосипедов Бибибайк,Шеринг электровелосипедов Бибибайк запустил франшизу - Трушеринг,franchise,20,Найден сигнал «franchise»: запустил франшизу.,Google News — франшизы,https://news.google.com/rss/articles/CBMiSkFVX3lxTE1lUGxhTVNCYWg2eW93S0hUQ3JXWDZ2dDBKWlJ0MlE1UFp5dndxYzR2M1JXQmlGbkV4TV9vWFMwbkhncTRCUU1uem1n?oc=5,new
2026-03-02T08:00:00+00:00,target=,По серии God of War может выйти новая франшиза экшенов с Фэй в главной роли - Kanobu.ru,franchise,20,Найден сигнал «franchise»: франшиза.,Google News — франшизы,https://news.google.com/rss/articles/CBMisAFBVV95cUxOdXVidnlvc0NZZmlLYkFKRTFTZ2hfS3NMcU14U01JTG94clhqdS1URnJDWDhNZnRneHJxMUQ2SlFKbXljcVFvcm9YcHNzMG90WEFUNk95a2owUWVveC1MT0hDX3gxYnJjdzFxUVlZcFo1YU53VUZGZ2huRk9PbFBodEhyNnpCNU03b3VVQmF0ZnNzdThldU9kTXJQTzhnY3kyb2NmVW84Y2dmRVlTMWhNcA?oc=5,new
2026-03-01T08:00:00+00:00,target=,Готовится новая франшиза по God of War о жене Кратоса — инсайдеры - Igromania.ru,franchise,20,Найден сигнал «franchise»: франшиза.,Google News — франшизы,https://news.google.com/rss/articles/CBMixAFBVV95cUxPV3JUTEZQdDBndHRnU2pHcFJJRmtpQlJkSnd5SEhSbWthREVBeEVSbEt6R0ZPYUg1cF90cjRTSFpjR0Y1aGQ2bGwtTklpUDdsMHl1WmpXMjRLV0RvZHYtNTJGLTBoQnNiVWZvOUM0TU5oVkZHNEpaQnR4Q3QxWVNXM0RhSXdGMmc5TFY2X25OZWJxQ0xEajVCSjNGY2JiLU9MTG0ySDhJeHZNc2ctYnM0RlVhRllCc0xSUzBveGNlTGZyMUdj?oc=5,new
2026-01-02T08:00:00+00:00,Простоквашино,Удобрение для холодной мамы: Сарик Андреасян запустил франшизу «Простоквашино» - ФОНТАНКА.ру,franchise,20,Найден сигнал «franchise»: запустил франшизу.,Google News — франшизы,https://news.google.com/rss/articles/CBMiV0FVX3lxTE14MWJsVUQ2dm9GUy1MQmpGdzJrMHJwaVJvUXF6d1ZyVzZEMy1KWkxQYnZZWkpmaEhvcDAxN0FEWjJYZDR1ZmFKVEhibFdQZ3hPaGpNZTZmSQ?oc=5,new
2025-10-01T07:00:00+00:00,Хочу Пури,Владелец ресторанов «Хочу Пури» запустил франшизу демократичных хинкальных - Forbes.ru,franchise,20,Найден сигнал «franchise»: запустил франшизу.,Google News — франшизы,https://news.google.com/rss/articles/CBMisgFBVV95cUxNYzZYSFl1Smh4Wk1NUFhpSW1IZWdlY0FFNXFiU2pNRlJaYUpsem9aS1dfZnVhcWJPcHRvbW50V1dleTNjOE1HQTBUTmNGaVhod2dRS3VONGFqRFMxOG9VYVN3ODZoUldEUGlueE43dXloeEVEOTdNZkJNQXhkNVJMeHJBamlXMXBvYXM3UFpKbzJPOS03UjF5ckM5N1dzSlRDanowam5MWkRvWWttRmRrRTdn?oc=5,new
2025-09-23T07:00:00+00:00,target=,Новая франшиза откроется на месте Black Star Burger - Yakutia.Info,franchise,20,Найден сигнал «franchise»: франшиза.,Google News — франшизы,https://news.google.com/rss/articles/CBMiS0FVX3lxTE1hUHJ3bEZ0eEJBS1N0NjVac2pKaEV5bmdMbDh6bDZZSjZ3Mlh4RWwxMHRIRGxpeGlnUDBsUDZUWHJfdHRPbzY1Sk9Md9IBUEFVX3lxTE10d2pTTm0xbGRZMEtKcFQ0THRGZVo5RUxtSUdvTzB4bzE3VzFZOVZXdUNTR1d0QUVqbmQ1VFhzSEk2RG5PVFVOU1JTcV9kajZf?oc=5,new
2025-09-05T07:00:00+00:00,Федеральная сеть отелей Cosmos Group,Федеральная сеть отелей Cosmos Group запустила франшизу на Дальнем Востоке - Forbes.ru,franchise,20,Найден сигнал «franchise»: запустила франшизу.,Google News — франшизы,https://news.google.com/rss/articles/CBMiswFBVV95cUxNNTVSVEZNQjNHVGxzTGhxbngxa2pXblFtbFN6X2VJOXdoQk1XcVBZYTFackM4VmlyMmltcVdCU0Q3MkM3SjlxNGNRVTR2VHowR3I1eTk5bkU3WnBQTm12emZnVlZSeGxOR05ZWkgtMnRzcDZBYV9rZE40LW00aHZtenlnVzRzbDFLOS13RHFFZUZndVhicmJqbVRobEkyR0tfUEFLc2JTanVnV3U1Q1BISGhZVQ?oc=5,new
2025-07-15T07:00:00+00:00,Это не новая франшиза,«Это не новая франшиза» — детали новой игры от автора перезапуска God of War - Мир фантастики и фэнтези,franchise,20,Найден сигнал «franchise»: франшиза.,Google News — франшизы,https://news.google.com/rss/articles/CBMioAFBVV95cUxOVUoyNndsU21UZERqXzAyMURJaUVtaHNPaFo3NkcxMWNuRUFFdjVoRjM0a29mWlY3R2RIS2hyb2VCT2NjOHRFOWtfb1Bzbzk3RzdDbkhGazZCNFRJTHl4VGlnWVNua0RZTFZQRGQ5OGpZYnZLVGEwSTg1bHFLSFctZnk4cU9rTDJOZVdIQU5sUGgxX2tOdWtMZkw4V2lfVzJH?oc=5,new
2025-06-14T07:00:00+00:00,target=,Стартап-суббота: сделка 1С и новая франшиза ресторатора Перельмана - Forbes.ru,franchise,20,Найден сигнал «franchise»: франшиза.,Google News — франшизы,https://news.google.com/rss/articles/CBMiqgFBVV95cUxNSVJOSFNZUHM4TDFjTmVmc0VmaUtVdHFiWE5hTVJnNzFfYUt1MGRGOGE1c3dKSE1vQ1duU043UnlDdU1rNEFBcWFhaGdYVjEtZW9hd29xcExCQi12Mldrc2dlNXhUMzFQeWtjU1ZYdzJCWEVjZHFsaGNpbmlsOFo1Q1Y0cEhua3hMbXJPWlg5dUNsQmd2Y3NvVk1WbmxTTkNXZnc0eG5kQlV2QQ?oc=5,new
2025-06-10T07:00:00+00:00,Рыба моя,Ресторатор Перельман запустил франшизу столичной сети «Рыба моя» для развития в регионах на RB.RU - RB.ru,franchise,20,Найден сигнал «franchise»: запустил франшизу.,Google News — франшизы,https://news.google.com/rss/articles/CBMiYkFVX3lxTFBEWkdWa0JrbUlEbkIyRFZZaFdYNzZ4R0RMTTkzNVZiZ2gtbWs2djgxOWlFYW9XR1FzTVUzX1JCUkN6NWwwanJldkhyLUNibXEzNW1YSFQ0ZlIzVHdvOFhNc2d3?oc=5,new
2025-05-07T07:00:00+00:00,Обувная сеть Rendez-Vous,Обувная сеть Rendez-Vous запустила франшизу для расширения региональной экспансии - Forbes.ru,franchise,20,Найден сигнал «franchise»: запустила франшизу.,Google News — франшизы,https://news.google.com/rss/articles/CBMivAFBVV95cUxQbmYyMHdfNGxLZ0JoLTBiNTRKZzNQZkh4QUpKNHItdklxWEc0RWRUSXFMWGJ4enZTeTBEWDlNbWsyeWUtVnJMNHpGU2UwTy1uUk9GVXhlQk5yT3Raa0tqVDdkbTZEQ2ZvR0pUbkx1czJTOVZfM3d6cnFRQldvV0w2ZTgwWVJXNHlaQ2J5VXBkSFBqR0pfS1AtNmJxNkhiMEgyNGFuRU15bm5OaV9JY3BHdy05RGpJSmRrZmxQLQ?oc=5,new
2025-04-18T07:00:00+00:00,Флакон,Основатель дизайн-завода «Флакон» запустил франшизу креативного кластера - Forbes.ru,franchise,20,Найден сигнал «franchise»: запустил франшизу.,Google News — франшизы,https://news.google.com/rss/articles/CBMirgFBVV95cUxQaW9pekxLeVBwZWxpWlRGdEh2MFVBcW1PbHN6dmpjX1lfcEQ0dlZkNy0xeHR3LTVHeE1udXNPUGk5Q3ctT0pXaTZIVXhUV3FyZFY2cG9LbFBhTWIwNzY5NDVnSTNyYkxSRTMtbG10NjJqc1FkQ2diVkJhMGxudnNCWVphNWtNeHphQW40YkZLemxEQ2hrRUxfRXN6VjlEaXc5clhQZk1vTTJFSUJsV1E?oc=5,new
2025-03-06T08:00:00+00:00,Об автомобилях LADA теперь придется забыть: АВТОВАЗ,Об автомобилях LADA теперь придется забыть: АВТОВАЗ запустил новый бренд - SpeedMe.ru,new_business,20,Найден сигнал «new_business»: новый бренд.,Google News — новые российские бренды,https://news.google.com/rss/articles/CBMiqAFBVV95cUxNUVJSUWdyaUtHVk9Ha09JQWQ0Z004cV9Wb2xfU3k1ZnowSy1CQ1ROSGZIcHlQY0F2bFZnOXF3QzVQZUplV1RYVEFYQlVwR25XZkVkUTRyWGpCVkN5dWhmZXJVcnRhMW9leVdzMVVqdDZTU3VzRktPcU1UWUtkWUtnQzFHQXVmSUpqRVFPcEJ1RnhPX2U5aUNOYWFLVFBzbUdGaFZZbG5vc1bSAawBQVVfeXFMTWRmQ0xRajFGM2tFMTZDTjl3Qm00TjVGV2xYUHp2bWdob0RxSEV3QnFsVnBBNFNEMk5CNi1UMkNhTGJQOXl6djhkLVJ6TFpFUDQwM0pLazdCWWRJRXZTWWYwRkQ1SVlmQ1VMVXA1OUVpR0tYZjR6QUNxdXdrMUlLb0ZHWXB3aFB4TjR6YnJTN0lpWVp4dG80X2xlbDduOXZNYndGdWMyX0NIRlIzeg?oc=5,new
2025-03-06T08:00:00+00:00,АвтоВАЗ официально,АвтоВАЗ официально запустил новый бренд - Авто Mail,new_business,20,Найден сигнал «new_business»: новый бренд.,Google News — новые российские бренды,https://news.google.com/rss/articles/CBMigwFBVV95cUxNVVgwNjhqWWEwX3ExTXZoYXNUZ1ByQkFycTNNcHg3RjZvNDNnS1hJdk8zZkZYTW5KazJWUGdSU29tSzcyeG5jN2VkdmxFMU5VSUhYdVR0RWtybEJjSWs5aEVjLUx0dm9veWpTNEN5Z1RNeUJMYlZkQUxadV9tQjZGZENvMA?oc=5,new
2025-03-06T08:00:00+00:00,Займут нишу между Largus и,"«Займут нишу между Largus и ""Газелью""»: АвтоВАЗ запустил новый бренд коммерческих автомобилей - ATI.SU",new_business,20,Найден сигнал «new_business»: новый бренд.,Google News — новые российские бренды,https://news.google.com/rss/articles/CBMizwFBVV95cUxQNWx1dG9nMFN2VU14R1liOGVvRnYzVElfbnd3R3pObnk3ZVhYdWZ1SDYxT2xHWkRrNGJFN0J0RmZ0RDI0ckhsNzVlZ1c3Ymp5LXNkQmpPSmxWWHNFa3VtbDZtSkt6T2pYNVJsbDBPWWJHdGJiQ00wZkxnOF9zS2ZuRGV6MHU4WjdGZVpmekNZdlNZNThhN2dYTFFmSXlLTWtoNWlxVjhiUjh5VWdSU0tzZ1JZelVsNEMyWFJKbU55bndWenJFQVowNmNGQkQtdE0?oc=5,new
2025-02-19T08:00:00+00:00,target=,Nike и Skims запустят новый бренд спортивной одежды - profashion.ru,new_business,20,Найден сигнал «new_business»: новый бренд.,Google News — новые российские бренды,https://news.google.com/rss/articles/CBMilgFBVV95cUxPTlpZXzc2dEdEdWd2UUNzSWJySHBfUndWQUFEVGZoSURlNnd6d2Z0V3k1RWNGVjNRazUzN0hBWG5tMl9FUnhFRG5rOGE2VU1YWjc3SVFkYlE2VmpLd2E3dVFCUWoweHRVOTdCblFqVGxtbnpRNEFuYnF2VVNzZ0FtX2lxbkptUk9qNTlidjdZUlRTUG55enc?oc=5,new
2025-02-04T08:00:00+00:00,Будь здоров,Сеть поликлиник «Будь здоров» запустила франшизу - Forbes.ru,franchise,20,Найден сигнал «franchise»: запустила франшизу.,Google News — франшизы,https://news.google.com/rss/articles/CBMijAFBVV95cUxQb2VzTWk0ci1MNWh0aC1JdXU0Mm1Xczd4Zmg5blpyTlRSUUdoSTdJUjZOclNVdHFrelRDWm44MW00MzFFbWxDYVpSUksyUlpObXNhcHE5T0JGMklEUVBmQldTMTFrSzBSUlVFbzRIRmNQWGJvVXFJUGhNWjE4cDVQV2g3VFhGcDU1c01Xdg?oc=5,new
2024-12-16T08:00:00+00:00,Почта России,«Почта России» запустила новый бренд работодателя - Sostav.ru,new_business,20,Найден сигнал «new_business»: новый бренд.,Google News — новые российские бренды,https://news.google.com/rss/articles/CBMihAFBVV95cUxPZGtFektfUEJpdC1TeEFZOXMxaEt3S3Nld2IzX3pBR25nOTFuVG9mTExtaHVlVFkxUzZjRjZJTURYakgyYmg5cFZkeXpWamtjODBITENYMXJwTWZKb0tua1NyRmdrSkpxbTJaYW9McFhyaEpCQlgxdVM0WG4zblBrcE5UU1U?oc=5,new
2024-09-18T07:00:00+00:00,Магнит,«Магнит» запустил франшизу. Зачем ему это? - Т—Ж,franchise,20,Найден сигнал «franchise»: запустил франшизу.,Google News — франшизы,https://news.google.com/rss/articles/CBMiR0FVX3lxTE4xMk5fME9lNmZlUnBoVGVvWlRDbWNWZVM3MkxualpIM0VzMUVPam1weW45S2VPMGpwclBENF9iNWdhQ2tGb2tJ?oc=5,new
2024-07-10T07:00:00+00:00,Дымов,Фастфуд-сеть ГК «Дымов» запустила франшизу – Новости ритейла и розничной торговли - retail.ru,franchise,20,Найден сигнал «franchise»: запустила франшизу.,Google News — франшизы,https://news.google.com/rss/articles/CBMilAFBVV95cUxQcmRHajJVdmNvbXF6aVJKdlJDRVRBOHB2eTRwNXUwMmhFc2xEZDByWTY0V1AtY2tnRWVKSHptRllodU9fTHpnRnByTnJ6c193c05oZmYyOTI3SWYxSnpkZDZUYVdYWm9zWE81NFFTenhUclBvZnBMSjQzazZDM1pMbllDQUJYRjBEUW43d1lCTXN5cFRy?oc=5,new
2024-04-19T07:00:00+00:00,ВКонтакте,«ВКонтакте» запустила новый бренд «VK Фитнес» - Sostav.ru,new_business,20,Найден сигнал «new_business»: новый бренд.,Google News — новые российские бренды,https://news.google.com/rss/articles/CBMickFVX3lxTE94VFZOWXVNQ2tNcGZvdndoNVVHNUxCOFVoZ1FDLXZUV0hoanR1dE5LU1ZZNE8tQkVUbFVWcjZqZ2g4SENJZW9BVTRRSkJwMkZIb1d2dHRtTmROby1xWTVXU1NSaWtmbW9xTjhiZ2hGbkJtUQ?oc=5,new
2024-04-17T07:00:00+00:00,target=,Gulliver Group запустит новый бренд спортивной одежды Jumkey – Новости ритейла и розничной торговли - retail.ru,new_business,20,Найден сигнал «new_business»: новый бренд.,Google News — новые российские бренды,https://news.google.com/rss/articles/CBMisgFBVV95cUxNdndGWW5mbEZsemxVZDdOM1JrcWhXWVEtVmVaN0tGNWNUVTJQYnRuWGZvbFFUVmJJZUNWb3pyN2Z3YTh1UDRSR0VNYzZDcmNfNkJDVUtSdG9XWDRXcV9yZkd2T2pXa0FabUJVekMwYjY2RGpOMHVpZk9telR5VUFUb3Bpd0VwRVo1czdjeU5ZengyMUZxcU1HU2VoMnJ2a2szUHNvTVZ3Nk5oMnpFcDdTbG5n?oc=5,new
2023-12-28T08:00:00+00:00,OMD OM Group и Media Instinct Group,OMD OM Group и Media Instinct Group запустили новый бренд Group 1 - Sostav.ru,new_business,20,Найден сигнал «new_business»: новый бренд.,Google News — новые российские бренды,https://news.google.com/rss/articles/CBMiZkFVX3lxTE9oUE5KcHJ5YVN2OTNrQjFER0trZ3JwckZXQzVOSWFsajNaZ19BYXFHeFVnTkhTQ1lnNGVMbUJsS1JtbGpOT3ZHakdSRTJRanpydGswRThOa21wVFU0MTN3Mkx5S0tydw?oc=5,new
2023-12-26T08:00:00+00:00,target=,Запущен новый бренд одежды для мужчин Executive Rabbit - FashionNetwork Россия,new_business,20,Найден сигнал «new_business»: новый бренд.,Google News — новые российские бренды,https://news.google.com/rss/articles/CBMirgFBVV95cUxQOEhuaW9zQUc5bnk0TGFRYmMyVFYxb3p5TG95QVQ1QnNCWG12SnhyZzhpeFBURVdfS0hTam9rVTNVc3VUWk1nZ3pKZ2lyTGg4dFotSUJ1U1JVR0lKUi16a1VianFhbmJmQjl5S2cyMW53a3RlYzFwQ2hnMjBCVU96UkpGM0pjN0Y5bDBvajRlWlJUNm9KaUR3UlpEaV82MEw0SktZVmhwX2g0Y0E2SEE?oc=5,new
2023-12-18T08:00:00+00:00,Авто.ру,«Авто.ру» запустил новый бренд и платформу для автодилеров - Sostav.ru,new_business,20,Найден сигнал «new_business»: новый бренд.,Google News — новые российские бренды,https://news.google.com/rss/articles/CBMiYkFVX3lxTFBVcW9lWEsyM3ZmS19RM1IzOGpDbkk5QnJTMFg1eTJHeGwyUTBzRTlHcHEwdklRX0pGYVpEa1lzSHZGVGI5VmllZEpTQWJXUUZqRXZhUFJmc2lQTUJLWVRuN2ln?oc=5,new
2023-08-28T07:00:00+00:00,target=,Gloria Jeans запустит новый бренд для подростков Ready! Steady! Go!. - FashionNetwork Россия,new_business,20,Найден сигнал «new_business»: новый бренд.,Google News — новые российские бренды,https://news.google.com/rss/articles/CBMitAFBVV95cUxOSzVNRmxIRDk0VzlGMG1XTWMyd211YTFwbzE2T0FyUmhId1ljQVZaMTVZZGIyYnlTd2RNSlBFeE5SVm50VUFuaDhHeFVVSFZYVVJvRnlmNEstaXgzX1hTTkVTRjlJd2tmelNPMmlvc2tONmdDTGNlck4wRDR4SEJVVjhweEdqOG95MVhsTHNHMURYZEg0UFRYMnpBcG96ak82Y1ZlWFpheUhhcUIzMjZKRXk0Slk?oc=5,new
2023-08-28T07:00:00+00:00,Глория Джинс,«Глория Джинс» запустит новый бренд одежды для подростков - profashion.ru,new_business,20,Найден сигнал «new_business»: новый бренд.,Google News — новые российские бренды,https://news.google.com/rss/articles/CBMinwFBVV95cUxPcmNLUHZJYW5ySkp1UjJBLWgwb2pqSjljSDN3OHFkX0VQR1pJajJ6TGRpalpyT3hjaUxLYTZnWjNRV21OYjIxWkVTZUUydkRmZU54UFQwb2RfemFoVVNrUklhcGNSdTVRQTlmY3o0S1A2YnBuYWgyR25qMHhSQ2xNWU1LWUNyU0hOZ0xrR25JQVFWRVhtZ0RYV040SF9CU0E?oc=5,new
2023-08-28T07:00:00+00:00,target=,Gloria Jeans запустит новый бренд одежды для подростков - Сноб,new_business,20,Найден сигнал «new_business»: новый бренд.,Google News — новые российские бренды,https://news.google.com/rss/articles/CBMihgFBVV95cUxQMU04V1lyUkNWV3VabkxjZEI0YUlLck9aY3ZjSkp4bGZEZzBrektIOWdQN3VFdWNLcU1YREZCQVZZZXRUdEpDV2V2Sm44S0p1ckNyQjczQk1Wb19faHNJVGVtS0s2RFJBTVVSSldfaDhxaHRhYzBza3RPNmtSd3dGQ1dYUDVfdw?oc=5,new
2023-08-27T07:00:00+00:00,Глория Джинс,«Глория Джинс» запустит новый бренд одежды для подростков - Forbes.ru,new_business,20,Найден сигнал «new_business»: новый бренд.,Google News — новые российские бренды,https://news.google.com/rss/articles/CBMilgFBVV95cUxQYTFxVXJFcVFPTmY3NGR2MHFtd3ZyTzJwTElmWmRhLVlpU0d6R1M1eERlWTg4M2dWV3ZrQWphY1hQbG9hSVZtckFLWTNxbDBsVnhQVmJuUmdFUkREeHRQdXk5aWxydWctc3dSSjAxQWdmSWtpOENJSExUNGhCTGcwMlZ5dWEteGQyS2JrU0VKYlVzMEtURHc?oc=5,new
2023-08-24T07:00:00+00:00,Просто Наше,"""Просто Наше"": Данон выводит на украинский рынок новый бренд молочной продукции - 24 Канал",new_business,20,Найден сигнал «new_business»: новый бренд.,Google News — новые российские бренды,https://news.google.com/rss/articles/CBMijAFBVV95cUxNUy1nSmJtZkdJdTJNTTlMMWRFVDlpb2hYVVQ2YjYtQjlqUUFubTZWM016cHlOcFV4dXVRZm5JX0gtZlloY1E1OEtFd0tOQjZybEJLeE9Qbk9ZdEE0YTdEOTdadkM5ODJzNk5xZlhNbWpFeThkTjF5Y1R4RjlZLWFBcm1VTjBQdEtKOF9SNdIBkgFBVV95cUxQSWxOR2dKMmktNWVzV2MwbWJiTDBpV2JZT1FkVmx6QkFjbzVzbVREOVltVXR4OWh5NTF1TllqQlQ5UEJ2WGprS2NXdGY1d29iVEo1QlFmelRTQzFncnRlcHJTaHZKTU0xYkJlUEYtYXJfWUxwUlFJRnktMUNScEh4YUN1d0hwTGtqOUdMVDJHU2lRdw?oc=5,new
2023-06-28T07:00:00+00:00,ПИК,ПИК запустил новый бренд Parametr для коммерческой недвижимости - Sostav.ru,new_business,20,Найден сигнал «new_business»: новый бренд.,Google News — новые российские бренды,https://news.google.com/rss/articles/CBMisAFBVV95cUxPMnZPM3REcVdFWmRmcXZqendfbnEtdmpYb0lKbFBuYTZoR01jREZhcnVqLU15NnQyYlZreWQ3OWpsdXc5UU1jcnFyUHFlLURiYS1vX2djellScjA4NmpuUGpPMGtEbGNJRXJCX1dqMExGODMxUVk1TkJ5SDlDMkxjdjRSamtaMU81akNjaUFRUXM1RElscWlBTkY0dzdOUTlYRXpSY2hPVXEzSEtaZGZtYw?oc=5,new
2023-05-15T07:00:00+00:00,Предприниматель из Читы Александр Арефьев,Предприниматель из Читы Александр Арефьев запустил франшизу в Новосибирске - Официальный портал Забайкальского края,franchise,20,Найден сигнал «franchise»: запустил франшизу.,Google News — франшизы,https://news.google.com/rss/articles/CBMiPkFVX3lxTE1EN0hueVVuREwzVW80c2hldHhqUjk2VXg4cEVEZDNTV004dDFFUllhTHhPeFNtbXM5SjNTbkdn?oc=5,new
2021-11-15T08:00:00+00:00,Владельцы франшизы Usupso,Владельцы франшизы Usupso запустили новый бренд в Украине — O!Some - Retailers.ua,new_business,20,Найден сигнал «new_business»: новый бренд.,Google News — новые российские бренды,https://news.google.com/rss/articles/CBMisAFBVV95cUxPWjVDMERnb2kzbGVZUnpSeDg5alowQ3Zzc3dYNUM3X2NjaG01cDRmZzFYSTNaVndLTEhPR3NlQTdWMnNsaVR2NDlXcDJ6Tmt1N3h0OGd5SEZJd201czRDRnUyenBjUjk3MlJnWW5WYW8wM2xHUzFIQ1czV1BKdVlPZHo2b1FlSEQweHAtbnFMakVwNUJzUEVBa2M2aTVzaldiUnNjWFkxeldlNEhLV1lOLQ?oc=5,new
2021-05-29T07:00:00+00:00,Омский предприниматель Юрий Шиян,Омский предприниматель Юрий Шиян запустил новый бренд доставки еды — на каждой упаковке будет его портрет - Новый Омск,new_business,20,Найден сигнал «new_business»: новый бренд.,Google News — новые российские бренды,https://news.google.com/rss/articles/CBMiiwFBVV95cUxOZEFBTVd1cmRaWllGclBfTkRRVDBWMTRjSE9lTWVnQUlsbl8zN1ExTDVqbTJHZHM5T3VJNk1iTVI0R0JEMHpwTUJXTmRWTU9FNmplbjR3d29lclE4eVJlUUZXaWs0dW84MXVCRFJJZXlKR2YwSDN6WDkxSWY3Y0pRa2JsT2pmeWxLZzZZ0gGQAUFVX3lxTE5TYUVta3VjY25fY3JTWV9uckk3a3U0ZjE5WWRkelF4VEttNjd6VGtpRUNqcDRMWEVrdnphanljNHBBYjNLZmpEMTEzaWI2MktMM2lEcnBCUFlyX3NtQjg5XzBpelFxNEE4bE04SFJ4UEc0cEk4Sk9YVjVkY3lFdDZaMlRhMGlwSTBoczA3dnoxQQ?oc=5,new
2020-10-27T07:00:00+00:00,Asos,Asos запустил новый бренд недорогой одежды для женщин - profashion.ru,new_business,20,Найден сигнал «new_business»: новый бренд.,Google News — новые российские бренды,https://news.google.com/rss/articles/CBMingFBVV95cUxPcXdiQ1BCVGY3SzY3N3NJVnhwSXlHYmdFUUhMNjJkSWk0djFBNmc4TmxPcXpORVJ4bS10SnVubnFqUHNFdW10b2gtd3VRYlc3Z3ktZTVIc2tRMk5UMGd4MGVoeVYwQzlZLUxteGNLRmJuNnlDRFk0YVIybmNaUGxhVTNWeTFEYjJlNi1kNWpXZlRuR1NmWDRIYVdLWXNiQQ?oc=5,new
2020-10-22T16:54:50+00:00,БТК,БТК запустила новый бренд - profashion.ru,new_business,20,Найден сигнал «new_business»: новый бренд.,Google News — новые российские бренды,https://news.google.com/rss/articles/CBMid0FVX3lxTE1tX2dWcEFJVmR4WHlqMzN3VXE5M1pXNGU2eDM5ajVldzlmeVFVeUdJQ1pjT1M1M1dhRkduWjBmbUhadEo4X1lRUm95QlJYLWE2N1otMDVqdEw0XzhhLWRzRmU1TTFsR19ROC1CVndZUk45d1NNbU0w?oc=5,new
2020-09-14T07:00:00+00:00,Барнаул,"Принт ""Барнаул"" на груди у него: в краевой столице запустили новый бренд одежды с авторскими рисунками - Вечерний Барнаул",new_business,20,Найден сигнал «new_business»: новый бренд.,Google News — новые российские бренды,https://news.google.com/rss/articles/CBMimwFBVV95cUxQWThPUFlId2NwQUFGTGlTNVBsTUVEWkozd3AxeGpKdXVFcXk3U0trVUNHWjRKd0dHeURjZmNpRWNrUzBSMm9jaVNaLUFqRl96aDRsTHVKbDU1WEV3VVktM1FrbE1leUhnQ25qTUlqcXotY3dtSkJURzByWi15Uk1HcU5uWUU5ZS1CdXIxSndISEEwY3dBRktDU21EVQ?oc=5,new
2017-07-17T07:00:00+00:00,Дов Чарни,"Дов Чарни запустил новый бренд, очень похожий на American Apparel - FashionNetwork Россия",new_business,20,Найден сигнал «new_business»: новый бренд.,Google News — новые российские бренды,https://news.google.com/rss/articles/CBMivAFBVV95cUxNby10UzJESDZKY1doN003ZFF0U3lOZUxvODAzanRDT2pmTUV3UXcta3Y4aVl4UHhSNDZwMlRSQklveTc1NVRzeTFKRDZwUDM5aUJYVUJKSlg4b0lhTU9uT21meFliQl9HZTlBeGxaU0pCQnBLOElsOU10RUY3UFdYdGEtN2lSRTFfNnA4NFhUQUxNOE1IVnlLU0RXR0V0bUxFaEprN1VoSU95UXM4WklCeGZYNEJXUEdpbi1LVg?oc=5,new
